-3.45829553956061,0.00154476429859709,0,0,8.88751238937009e-07,0,0.0161716336922207,0,0,0,8.88751238937009e-07,0,0,0,0
-3.4446057739009,0.00154476429859709,0,0,9.46825870680748e-07,0,0.0161716336922207,0,0,0,9.46825870680748e-07,0,0,0,0
-3.4309160082412,0.00154476429859709,0,0,1.00853857210745e-06,0,0.0161716336922207,0,0,0,1.00853857210745e-06,0,0,0,0
-3.41722624258149,0.00154476429859709,0,0,1.0741066602365e-06,0,0.0161716336922207,0,0,0,1.0741066602365e-06,0,0,0,0
-3.40353647692178,0.00154476429859709,0,0,1.14375974254375e-06,0,0.0161716336922207,0,0,0,1.14375974254375e-06,0,0,0,0
-3.38984671126207,0.00154476429859709,0,0,1.21774036863746e-06,0,0.0161716336922207,0,0,0,1.21774036863746e-06,0,0,0,0
-3.37615694560236,0.00154476429859709,0,0,1.29630471386563e-06,0,0.0161716336922207,0,0,0,1.29630471386563e-06,0,0,0,0
-3.36246717994266,0.00154476429859709,0,0,1.37972329626731e-06,0,0.0161716336922207,0,0,0,1.37972329626731e-06,0,0,0,0
-3.34877741428295,0.00154476429859709,0,0,1.46828172833488e-06,0,0.0161716336922207,0,0,0,1.46828172833488e-06,0,0,0,0
-3.33508764862324,0.00154476429859709,0,0,1.56228150510934e-06,0,0.0161716336922207,0,0,0,1.56228150510934e-06,0,0,0,0
-3.32139788296353,0.00154476429859709,0,0,1.6620408301886e-06,0,0.0161716336922207,0,0,0,1.6620408301886e-06,0,0,0,0
-3.30770811730382,0.00154476429859709,0,0,1.76789548128721e-06,0,0.0161716336922207,0,0,0,1.76789548128721e-06,0,0,0,0
-3.29401835164412,0.00154476429859709,0,0,1.88019971704688e-06,0,0.0161716336922207,0,0,0,1.88019971704688e-06,0,0,0,0
-3.28032858598441,0.00154476429859709,0,0,1.99932722685948e-06,0,0.0161716336922207,0,0,0,1.99932722685948e-06,0,0,0,0
-3.2666388203247,0.00154476429859709,0,0,2.12567212552822e-06,0,0.0161716336922207,0,0,0,2.12567212552822e-06,0,0,0,0
-3.25294905466499,0.00154476429859709,0,0,2.25964999465843e-06,0,0.0161716336922207,0,0,0,2.25964999465843e-06,0,0,0,0
-3.23925928900529,0.00154476429859709,0,0,2.4016989727371e-06,0,0.0161716336922207,0,0,0,2.4016989727371e-06,0,0,0,0
-3.22556952334558,0.00154476429859709,0,0,2.55228089592966e-06,0,0.0161716336922207,0,0,0,2.55228089592966e-06,0,0,0,0
-3.21187975768587,0.00154476429859709,0,0,2.71188249169341e-06,0,0.0161716336922207,0,0,0,2.71188249169341e-06,0,0,0,0
-3.19818999202616,0.00154476429859709,0,0,2.88101662738003e-06,0,0.0161716336922207,0,0,0,2.88101662738003e-06,0,0,0,0
-3.18450022636645,0.00154476429859709,0,0,3.06022361607443e-06,0,0.0161716336922207,0,0,0,3.06022361607443e-06,0,0,0,0
-3.17081046070675,0.00154476429859709,0,0,3.25007258199336e-06,0,0.0161716336922207,0,0,0,3.25007258199336e-06,0,0,0,0
-3.15712069504704,0.00154476429859709,0,0,3.451162887846e-06,0,0.0161716336922207,0,0,0,3.451162887846e-06,0,0,0,0
-3.14343092938733,0.00154476429859709,0,0,3.66412562663834e-06,0,0.0161716336922207,0,0,0,3.66412562663834e-06,0,0,0,0
-3.12974116372762,0.00154476429859709,0,0,3.88962518048541e-06,0,0.0161716336922207,0,0,0,3.88962518048541e-06,0,0,0,0
-3.11605139806791,0.00154476429859709,0,0,4.12836084907901e-06,0,0.0161716336922207,0,0,0,4.12836084907901e-06,0,0,0,0
-3.10236163240821,0.00154476429859709,0,0,4.38106855054437e-06,0,0.0161716336922207,0,0,0,4.38106855054437e-06,0,0,0,0
-3.0886718667485,0.00154476429859709,0,0,4.64852259750571e-06,0,0.0161716336922207,0,0,0,4.64852259750571e-06,0,0,0,0
-3.07498210108879,0.00154476429859709,0,0,4.93153755127072e-06,0,0.0161716336922207,0,0,0,4.93153755127072e-06,0,0,0,0
-3.06129233542908,0.00154476429859709,0,0,5.23097015713376e-06,0,0.0161716336922207,0,0,0,5.23097015713376e-06,0,0,0,0
-3.04760256976937,0.00154476429859709,0,0,5.54772136389087e-06,0,0.0161716336922207,0,0,0,5.54772136389087e-06,0,0,0,0
-3.03391280410967,0.00154476429859709,0,0,5.8827384307534e-06,0,0.0161716336922207,0,0,0,5.8827384307534e-06,0,0,0,0
-3.02022303844996,0.00154476429859709,0,0,6.23701712494281e-06,0,0.0161716336922207,0,0,0,6.23701712494281e-06,0,0,0,0
-3.00653327279025,0.00154476429859709,0,0,6.61160401334682e-06,0,0.0161716336922207,0,0,0,6.61160401334682e-06,0,0,0,0
-2.99284350713054,0.00154476429859709,0,0,7.00759885171653e-06,0,0.0161716336922207,0,0,0,7.00759885171653e-06,0,0,0,0
-2.97915374147084,0.00154476429859709,0,0,7.42615707498346e-06,0,0.0161716336922207,0,0,0,7.42615707498346e-06,0,0,0,0
-2.96546397581113,0.00154476429859709,0,0,7.86849239237876e-06,0,0.0161716336922207,0,0,0,7.86849239237876e-06,0,0,0,0
-2.95177421015142,0.00154476429859709,0,0,8.33587949113917e-06,0,0.0161716336922207,0,0,0,8.33587949113917e-06,0,0,0,0
-2.93808444449171,0.00154476429859709,0,0,8.82965685269027e-06,0,0.0161716336922207,0,0,0,8.82965685269027e-06,0,0,0,0
-2.924394678832,0.00154476429859709,0,0,9.35122968530218e-06,0,0.0161716336922207,0,0,0,9.35122968530218e-06,0,0,0,0
-2.9107049131723,0.00154476429859709,0,0,9.90207297732122e-06,0,0.0161716336922207,0,0,0,9.90207297732122e-06,0,0,0,0
-2.89701514751259,0.00154476429859709,0,0,1.04837346751887e-05,0,0.0161716336922207,0,0,0,1.04837346751887e-05,0,0,0,0
-2.88332538185288,0.00154476429859709,0,0,1.10978389905682e-05,0,0.0161716336922207,0,0,0,1.10978389905682e-05,0,0,0,0
-2.86963561619317,0.00154476429859709,0,0,1.1746089841012e-05,0,0.0161716336922207,0,0,0,1.1746089841012e-05,0,0,0,0
-2.85594585053346,0.00154476429859709,0,0,1.24302744287088e-05,0,0.0161716336922207,0,0,0,1.24302744287088e-05,0,0,0,0
-2.84225608487376,0.00154476429859709,0,0,1.3152266961968e-05,0,0.0161716336922207,0,0,0,1.3152266961968e-05,0,0,0,0
-2.82856631921405,0.00154476429859709,0,0,1.39140325242054e-05,0,0.0161716336922207,0,0,0,1.39140325242054e-05,0,0,0,0
-2.81487655355434,0.00154476429859709,0,0,1.47176310953116e-05,0,0.0161716336922207,0,0,0,1.47176310953116e-05,0,0,0,0
-2.80118678789463,0.00154476429859709,0,0,1.55652217303952e-05,0,0.0161716336922207,0,0,0,1.55652217303952e-05,0,0,0,0
-2.78749702223492,0.00154476429859709,0,0,1.64590669010059e-05,0,0.0161716336922207,0,0,0,1.64590669010059e-05,0,0,0,0
-2.77380725657522,0.00154476429859709,0,0,1.74015370040599e-05,0,0.0161716336922207,0,0,0,1.74015370040599e-05,0,0,0,0
-2.76011749091551,0.00154476429859709,0,0,1.83951150437985e-05,0,0.0161716336922207,0,0,0,1.83951150437985e-05,0,0,0,0
-2.7464277252558,0.00154476429859709,0,0,1.94424014922267e-05,0,0.0161716336922207,0,0,0,1.94424014922267e-05,0,0,0,0
-2.73273795959609,0.00154476429859709,0,0,2.05461193335916e-05,0,0.0161716336922207,0,0,0,2.05461193335916e-05,0,0,0,0
-2.71904819393638,0.00154476429859709,0,0,2.17091192985694e-05,0,0.0161716336922207,0,0,0,2.17091192985694e-05,0,0,0,0
-2.70535842827668,0.00154476429859709,0,0,2.29343852939459e-05,0,0.0161716336922207,0,0,0,2.29343852939459e-05,0,0,0,0
-2.69166866261697,0.00154476429859709,0,0,2.42250400336794e-05,0,0.0161716336922207,0,0,0,2.42250400336794e-05,0,0,0,0
-2.67797889695726,0.00154476429859709,0,0,2.55843508773488e-05,0,0.0161716336922207,0,0,0,2.55843508773488e-05,0,0,0,0
-2.66428913129755,0.00154476429859709,0,0,2.70157358820938e-05,0,0.0161716336922207,0,0,0,2.70157358820938e-05,0,0,0,0
-2.65059936563785,0.00154476429859709,0,0,2.85227700742614e-05,0,0.0161716336922207,0,0,0,2.85227700742614e-05,0,0,0,0
-2.63690959997814,0.00154476429859709,0,0,3.01091919470754e-05,0,0.0161716336922207,0,0,0,3.01091919470754e-05,0,0,0,0
-2.62321983431843,0.00154476429859709,0,0,3.17789101907458e-05,0,0.0161716336922207,0,0,0,3.17789101907458e-05,0,0,0,0
-2.60953006865872,0.00154476429859709,0,0,3.35360106615376e-05,0,0.0161716336922207,0,0,0,3.35360106615376e-05,0,0,0,0
-2.59584030299901,0.00154476429859709,0,0,3.53847635964092e-05,0,0.0161716336922207,0,0,0,3.53847635964092e-05,0,0,0,0
-2.58215053733931,0.00154476429859709,0,0,3.73296310799274e-05,0,0.0161716336922207,0,0,0,3.73296310799274e-05,0,0,0,0
-2.5684607716796,0.00154476429859709,0,0,3.93752747702531e-05,0,0.0161716336922207,0,0,0,3.93752747702531e-05,0,0,0,0
-2.55477100601989,0.00154476429859709,0,0,4.1526563891077e-05,0,0.0161716336922207,0,0,0,4.1526563891077e-05,0,0,0,0
-2.54108124036018,0.00154476429859709,0,0,4.37885834964707e-05,0,0.0161716336922207,0,0,0,4.37885834964707e-05,0,0,0,0
-2.52739147470047,0.00154476429859709,0,0,4.61666430156885e-05,0,0.0161716336922207,0,0,0,4.61666430156885e-05,0,0,0,0
-2.51370170904077,0.00154476429859709,0,0,4.86662850850324e-05,0,0.0161716336922207,0,0,0,4.86662850850324e-05,0,0,0,0
-2.50001194338106,0.00154476429859709,0,0,5.12932946739582e-05,0,0.0161716336922207,0,0,0,5.12932946739582e-05,0,0,0,0
-2.48632217772135,0.00154476429859709,0,0,5.40537085126671e-05,0,0.0161716336922207,0,0,0,5.40537085126671e-05,0,0,0,0
-2.47263241206164,0.00154476429859709,0,0,5.69538248284726e-05,0,0.0161716336922207,0,0,0,5.69538248284726e-05,0,0,0,0
-2.45894264640193,0.00154476429859709,0,0,6.00002133982917e-05,0,0.0161716336922207,0,0,0,6.00002133982917e-05,0,0,0,0
-2.44525288074223,0.00154476429859709,0,0,6.31997259246486e-05,0,0.0161716336922207,0,0,0,6.31997259246486e-05,0,0,0,0
-2.43156311508252,0.00154476429859709,0,0,6.65595067426156e-05,0,0.0161716336922207,0,0,0,6.65595067426156e-05,0,0,0,0
-2.41787334942281,0.00154476429859709,0,0,7.00870038651428e-05,0,0.0161716336922207,0,0,0,7.00870038651428e-05,0,0,0,0
-2.4041835837631,0.00154476429859709,0,0,7.37899803742474e-05,0,0.0161716336922207,0,0,0,7.37899803742474e-05,0,0,0,0
-2.3904938181034,0.00154476429859709,0,0,7.7676526165549e-05,0,0.0161716336922207,0,0,0,7.7676526165549e-05,0,0,0,0
-2.37680405244369,0.00154476429859709,0,0,8.17550700536381e-05,0,0.0161716336922207,0,0,0,8.17550700536381e-05,0,0,0,0
-2.36311428678398,0.00154476429859709,0,0,8.60343922457553e-05,0,0.0161716336922207,0,0,0,8.60343922457553e-05,0,0,0,0
-2.34942452112427,0.00154476429859709,0,0,9.05236371912468e-05,0,0.0161716336922207,0,0,0,9.05236371912468e-05,0,0,0,0
-2.33573475546456,0.00154476429859709,0,0,9.52323268142339e-05,0,0.0161716336922207,0,0,0,9.52323268142339e-05,0,0,0,0
-2.32204498980486,0.00154476429859709,0,0,0.000100170374136889,0,0.0161716336922207,0,0,0,0.000100170374136889,0,0,0,0
-2.30835522414515,0.00154476429859709,0,0,0.000105348097300683,0,0.0161716336922207,0,0,0,0.000105348097300683,0,0,0,0
-2.29466545848544,0.00154476429859709,0,0,0.000110776233992866,0,0.0161716336922207,0,0,0,0.000110776233992866,0,0,0,0
-2.28097569282573,0.00154476429859709,0,0,0.00011646595628543,0,0.0161716336922207,0,0,0,0.00011646595628543,0,0,0,0
-2.26728592716602,0.00154476429859709,0,0,0.00012242888589365,0,0.0161716336922207,0,0,0,0.00012242888589365,0,0,0,0
-2.25359616150632,0.00154476429859709,0,0,0.000128677109861249,0,0.0161716336922207,0,0,0,0.000128677109861249,0,0,0,0
-2.23990639584661,0.00154476429859709,0,0,0.000135223196679103,0,0.0161716336922207,0,0,0,0.000135223196679103,0,0,0,0
-2.2262166301869,0.00154476429859709,0,0,0.000142080212844249,0,0.0161716336922207,0,0,0,0.000142080212844249,0,0,0,0
-2.21252686452719,0.00154476429859709,0,0,0.000149261739865865,0,0.0161716336922207,0,0,0,0.000149261739865865,0,0,0,0
-2.19883709886748,0.00154476429859709,0,0,0.000156781891724677,0,0.0161716336922207,0,0,0,0.000156781891724677,0,0,0,0
-2.18514733320778,0.00154476429859709,0,0,0.000164655332792112,0,0.0161716336922207,0,0,0,0.000164655332792112,0,0,0,0
-2.17145756754807,0.00154476429859709,0,0,0.000172897296215295,0,0.0161716336922207,0,0,0,0.000172897296215295,0,0,0,0
-2.15776780188836,0.00154476429859709,0,0,0.000181523602773801,0,0.0161716336922207,0,0,0,0.000181523602773801,0,0,0,0
-2.14407803622865,0.00154476429859709,0,0,0.000190550680213821,0,0.0161716336922207,0,0,0,0.000190550680213821,0,0,0,0
-2.13038827056894,0.00154476429859709,0,0,0.000199995583065165,0,0.0161716336922207,0,0,0,0.000199995583065165,0,0,0,0
-2.11669850490924,0.00154476429859709,0,0,0.000209876012946261,0,0.0161716336922207,0,0,0,0.000209876012946261,0,0,0,0
-2.10300873924953,0.00154476429859709,0,0,0.000220210339362008,0,0.0161716336922207,0,0,0,0.000220210339362008,0,0,0,0
-2.08931897358982,0.00154476429859709,0,0,0.000231017620999058,0,0.0161716336922207,0,0,0,0.000231017620999058,0,0,0,0
-2.07562920793011,0.00154476429859709,0,0,0.000242317627522732,0,0.0161716336922207,0,0,0,0.000242317627522732,0,0,0,0
-2.0619394422704,0.00154476429859709,0,0,0.000254130861879475,0,0.0161716336922207,0,0,0,0.000254130861879475,0,0,0,0
-2.0482496766107,0.00154476429859709,0,0,0.000266478583108338,0,0.0161716336922207,0,0,0,0.000266478583108338,0,0,0,0
-2.03455991095099,0.00154476429859709,0,0,0.000279382829664614,0,0.0161716336922207,0,0,0,0.000279382829664614,0,0,0,0
-2.02087014529128,0.00154476429859709,0,0,0.000292866443258312,0,0.0161716336922207,0,0,0,0.000292866443258312,0,0,0,0
-2.00718037963157,0.00154476429859709,0,0,0.000306953093209717,0,0.0161716336922207,0,0,0,0.000306953093209717,0,0,0,0
-1.99349061397187,0.00154476429859709,0,0,0.000321667301323829,0,0.0161716336922207,0,0,0,0.000321667301323829,0,0,0,0
-1.97980084831216,0.00154476429859709,0,0,0.000337034467284971,0,0.0161716336922207,0,0,0,0.000337034467284971,0,0,0,0
-1.96611108265245,0.00154476429859709,0,0,0.000353080894572332,0,0.0161716336922207,0,0,0,0.000353080894572332,0,0,0,0
-1.95242131699274,0.00154476429859709,0,0,0.000369833816896688,0,0.0161716336922207,0,0,0,0.000369833816896688,0,0,0,0
-1.93873155133303,0.00154476429859709,0,0,0.000387321425157964,0,0.0161716336922207,0,0,0,0.000387321425157964,0,0,0,0
-1.92504178567333,0.00154476429859709,0,0,0.000405572894922683,0,0.0161716336922207,0,0,0,0.000405572894922683,0,0,0,0
-1.91135202001362,0.00154476429859709,0,0,0.000424618414419788,0,0.0161716336922207,0,0,0,0.000424618414419788,0,0,0,0
-1.89766225435391,0.00154476429859709,0,0,0.000444489213052578,0,0.0161716336922207,0,0,0,0.000444489213052578,0,0,0,0
-1.8839724886942,0.00154476429859709,0,0,0.000465217590423914,0,0.0161716336922207,0,0,0,0.000465217590423914,0,0,0,0
-1.87028272303449,0.00154476429859709,0,0,0.000486836945871078,0,0.0161716336922207,0,0,0,0.000486836945871078,0,0,0,0
-1.85659295737479,0.00154476429859709,0,0,0.000509381808505971,0,0.0161716336922207,0,0,0,0.000509381808505971,0,0,0,0
-1.84290319171508,0.00154476429859709,0,0,0.00053288786775554,0,0.0161716336922207,0,0,0,0.00053288786775554,0,0,0,0
-1.82921342605537,0.00154476429859709,0,0,0.000557392004396568,0,0.0161716336922207,0,0,0,0.000557392004396568,0,0,0,0
-1.81552366039566,0.00154476429859709,0,0,0.000582932322078092,0,0.0161716336922207,0,0,0,0.000582932322078092,0,0,0,0
-1.80183389473595,0.00154476429859709,0,0,0.000609548179323908,0,0.0161716336922207,0,0,0,0.000609548179323908,0,0,0,0
-1.78814412907625,0.00154476429859709,0,0,0.000637280222006709,0,0.0161716336922207,0,0,0,0.000637280222006709,0,0,0,0
-1.77445436341654,0.00154476429859709,0,0,0.000666170416284491,0,0.0161716336922207,0,0,0,0.000666170416284491,0,0,0,0
-1.76076459775683,0.00154476429859709,0,0,0.000696262081988937,0,0.0161716336922207,0,0,0,0.000696262081988937,0,0,0,0
-1.74707483209712,0.00154476429859709,0,0,0.000727599926454498,0,0.0161716336922207,0,0,0,0.000727599926454498,0,0,0,0
-1.73338506643742,0.00154476429859709,0,0,0.000760230078775911,0,0.0161716336922207,0,0,0,0.000760230078775911,0,0,0,0
-1.71969530077771,0.00154476429859709,0,0,0.000794200124480827,0,0.0161716336922207,0,0,0,0.000794200124480827,0,0,0,0
-1.706005535118,0.00154476429859709,0,0,0.000829559140603196,0,0.0161716336922207,0,0,0,0.000829559140603196,0,0,0,0
-1.69231576945829,0.00154476429859709,0,0,0.000866357731141946,0,0.0161716336922207,0,0,0,0.000866357731141946,0,0,0,0
-1.67862600379858,0.00154476429859709,0,0,0.000904648062888376,0,0.0161716336922207,0,0,0,0.000904648062888376,0,0,0,0
-1.66493623813888,0.00154476429859709,0,0,0.000944483901604529,0,0.0161716336922207,0,0,0,0.000944483901604529,0,0,0,0
-1.65124647247917,0.00154476429859709,0,0,0.00098592064853366,0,0.0161716336922207,0,0,0,0.00098592064853366,0,0,0,0
-1.63755670681946,0.00154476429859709,0,0,0.00102901537722264,0,0.0161716336922207,0,0,0,0.00102901537722264,0,0,0,0
-1.62386694115975,0.00154476429859709,0,0,0.00107382687063502,0,0.0161716336922207,0,0,0,0.00107382687063502,0,0,0,0
-1.61017717550004,0.00154476429859709,0,0,0.00112041565853206,0,0.0161716336922207,0,0,0,0.00112041565853206,0,0,0,0
-1.59648740984034,0.00154476429859709,0,0,0.00116884405509788,0,0.0161716336922207,0,0,0,0.00116884405509788,0,0,0,0
-1.58279764418063,0.00154476429859709,0,0,0.00121917619678358,0,0.0161716336922207,0,0,0,0.00121917619678358,0,0,0,0
-1.56910787852092,0.00154476429859709,0,0,0.0012714780803436,0,0.0161716336922207,0,0,0,0.0012714780803436,0,0,0,0
-1.55541811286121,0.00154476429859709,0,0,0.00132581760103664,0,0.0161716336922207,0,0,0,0.00132581760103664,0,0,0,0
-1.5417283472015,0.00154476429859709,0,0,0.00138226459096164,0,0.0161716336922207,0,0,0,0.00138226459096164,0,0,0,0
-1.5280385815418,0.00154476429859709,0,0,0.00144089085749822,0,0.0161716336922207,0,0,0,0.00144089085749822,0,0,0,0
-1.51434881588209,0.00154476429859709,0,0,0.00150177022181945,0,0.0161716336922207,0,0,0,0.00150177022181945,0,0,0,0
-1.50065905022238,0.00154476429859709,0,0,0.00156497855744327,0,0.0161716336922207,0,0,0,0.00156497855744327,0,0,0,0
-1.48696928456267,0.00154476429859709,0,0,0.00163059382878763,0,0.0161716336922207,0,0,0,0.00163059382878763,0,0,0,0
-1.47327951890297,0.00154476429859709,0,0,0.00169869612969262,0,0.0161716336922207,0,0,0,0.00169869612969262,0,0,0,0
-1.45958975324326,0.00154476429859709,0,0,0.00176936772187178,0,0.0161716336922207,0,0,0,0.00176936772187178,0,0,0,0
-1.44589998758355,0.00154476429859709,0,0,0.00184269307325275,0,0.0161716336922207,0,0,0,0.00184269307325275,0,0,0,0
-1.43221022192384,0.00154476429859709,0,0,0.0019187588961664,0,0.0161716336922207,0,0,0,0.0019187588961664,0,0,0,0
-1.41852045626413,0.00154476429859709,0,0,0.0019976541853416,0,0.0161716336922207,0,0,0,0.0019976541853416,0,0,0,0
-1.40483069060443,0.00154476429859709,0,0,0.00207947025566151,0,0.0161716336922207,0,0,0,0.00207947025566151,0,0,0,0
-1.39114092494472,0.00154476429859709,0,0,0.00216430077963566,0,0.0161716336922207,0,0,0,0.00216430077963566,0,0,0,0
-1.37745115928501,0.00154476429859709,0,0,0.00225224182454039,0,0.0161716336922207,0,0,0,0.00225224182454039,0,0,0,0
-1.3637613936253,0.00154476429859709,0,0,0.00234339188917876,0,0.0161716336922207,0,0,0,0.00234339188917876,0,0,0,0
-1.35007162796559,0.00154476429859709,0,0,0.00243785194020952,0,0.0161716336922207,0,0,0,0.00243785194020952,0,0,0,0
-1.33638186230589,0.00154476429859709,0,0,0.00253572544799294,0,0.0161716336922207,0,0,0,0.00253572544799294,0,0,0,0
-1.32269209664618,0.00154476429859709,0,0,0.00263711842190002,0,0.0161716336922207,0,0,0,0.00263711842190002,0,0,0,0
-1.30900233098647,0.00154476429859709,0,0,0.00274213944502964,0,0.0161716336922207,0,0,0,0.00274213944502964,0,0,0,0
-1.29531256532676,0.00154476429859709,0,0,0.00285089970827714,0,0.0161716336922207,0,0,0,0.00285089970827714,0,0,0,0
-1.28162279966705,0.00154476429859709,0,0,0.00296351304369579,0,0.0161716336922207,0,0,0,0.00296351304369579,0,0,0,0
-1.26793303400735,0.00154476429859709,0,0,0.00308009595709135,0,0.0161716336922207,0,0,0,0.00308009595709135,0,0,0,0
-1.25424326834764,0.00154476429859709,0,0,0.00320076765978836,0,0.0161716336922207,0,0,0,0.00320076765978836,0,0,0,0
-1.24055350268793,0.00154476429859709,0,0,0.00332565009950512,0,0.0161716336922207,0,0,0,0.00332565009950512,0,0,0,0
-1.22686373702822,0.00154476429859709,0,0,0.00345486799027307,0,0.0161716336922207,0,0,0,0.00345486799027307,0,0,0,0
-1.21317397136851,0.00154476429859709,0,0,0.00358854884133471,0,0.0161716336922207,0,0,0,0.00358854884133471,0,0,0,0
-1.19948420570881,0.00154476429859709,0,0,0.00372682298495253,0,0.0161716336922207,0,0,0,0.00372682298495253,0,0,0,0
-1.1857944400491,0.00154476429859709,0,0,0.00386982360306055,0,0.0161716336922207,0,0,0,0.00386982360306055,0,0,0,0
-1.17210467438939,0.00154476429859709,0,0,0.00401768675268802,0,0.0161716336922207,0,0,0,0.00401768675268802,0,0,0,0
-1.15841490872968,0.00154476429859709,0,0,0.00417055139008409,0,0.0161716336922207,0,0,0,0.00417055139008409,0,0,0,0
-1.14472514306998,0.00154476429859709,0,0,0.00432855939347048,0,0.0161716336922207,0,0,0,0.00432855939347048,0,0,0,0
-1.13103537741027,0.00154476429859709,0,0,0.00449185558434827,0,0.0161716336922207,0,0,0,0.00449185558434827,0,0,0,0
-1.11734561175056,0.00154476429859709,0,0,0.00466058774728347,0,0.0161716336922207,0,0,0,0.00466058774728347,0,0,0,0
-1.10365584609085,0.00154476429859709,0,0,0.00483490664809495,0,0.0161716336922207,0,0,0,0.00483490664809495,0,0,0,0
-1.08996608043114,0.00154476429859709,0,0,0.00501496605036722,0,0.0161716336922207,0,0,0,0.00501496605036722,0,0,0,0
-1.07627631477144,0.00154476429859709,0,0,0.00520092273020947,0,0.0161716336922207,0,0,0,0.00520092273020947,0,0,0,0
-1.06258654911173,0.00154476429859709,0,0,0.00539293648918121,0,0.0161716336922207,0,0,0,0.00539293648918121,0,0,0,0
-1.04889678345202,0.00154476429859709,0,0,0.00559117016530394,0,0.0161716336922207,0,0,0,0.00559117016530394,0,0,0,0
-1.03520701779231,0.00154476429859709,0,0,0.00579578964207758,0,0.0161716336922207,0,0,0,0.00579578964207758,0,0,0,0
-1.0215172521326,0.00154476429859709,0,0,0.00600696385541926,0,0.0161716336922207,0,0,0,0.00600696385541926,0,0,0,0
-1.0078274864729,0.00154476429859709,0,0,0.00622486479844161,0,0.0161716336922207,0,0,0,0.00622486479844161,0,0,0,0
-0.994137720813188,0.00154476429859709,0,0,0.00644966752398698,0,0.0161716336922207,0,0,0,0.00644966752398698,0,0,0,0
-0.98044795515348,0.00154476429859709,0,0,0.00668155014483333,0,0.0161716336922207,0,0,0,0.00668155014483333,0,0,0,0
-0.966758189493772,0.00154476429859709,0,0,0.00692069383148721,0,0.0161716336922207,0,0,0,0.00692069383148721,0,0,0,0
-0.953068423834064,0.00154476429859709,0,0,0.00716728280747881,0,0.0161716336922207,0,0,0,0.00716728280747881,0,0,0,0
-0.939378658174356,0.00154476429859709,0,0,0.00742150434207369,0,0.0161716336922207,0,0,0,0.00742150434207369,0,0,0,0
-0.925688892514648,0.00154476429859709,0,0,0.00768354874031572,0,0.0161716336922207,0,0,0,0.00768354874031572,0,0,0,0
-0.911999126854941,0.00154476429859709,0,0,0.00795360933031543,0,0.0161716336922207,0,0,0,0.00795360933031543,0,0,0,0
-0.898309361195233,0.00154476429859709,0,0,0.00823188244769841,0,0.0161716336922207,0,0,0,0.00823188244769841,0,0,0,0
-0.884619595535525,0.00154476429859709,0,0,0.00851856741712801,0,0.0161716336922207,0,0,0,0.00851856741712801,0,0,0,0
-0.870929829875817,0.00154476429859709,0,0,0.00881386653081715,0,0.0161716336922207,0,0,0,0.00881386653081715,0,0,0,0
-0.857240064216109,0.00154476429859709,0,0,0.00911798502394424,0,0.0161716336922207,0,0,0,0.00911798502394424,0,0,0,0
-0.843550298556401,0.00154476429859709,0,0,0.00943113104688879,0,0.0161716336922207,0,0,0,0.00943113104688879,0,0,0,0
-0.829860532896693,0.00154476429859709,0,0,0.00975351563420277,0,0.0161716336922207,0,0,0,0.00975351563420277,0,0,0,0
-0.816170767236986,0.00154476429859709,0,0,0.0100853526702344,0,0.0161716336922207,0,0,0,0.0100853526702344,0,0,0,0
-0.802481001577278,0.00154476429859709,0,0,0.0104268588513224,0,0.0161716336922207,0,0,0,0.0104268588513224,0,0,0,0
-0.78879123591757,0.00154476429859709,0,0,0.0107782536444786,0,0.0161716336922207,0,0,0,0.0107782536444786,0,0,0,0
-0.775101470257862,0.00154476429859709,0,0,0.0111397592424798,0,0.0161716336922207,0,0,0,0.0111397592424798,0,0,0,0
-0.761411704598154,0.00154476429859709,0,0,0.011511600515288,0,0.0161716336922207,0,0,0,0.011511600515288,0,0,0,0
-0.747721938938446,0.00154476429859709,0,0,0.0118940049577241,0,0.0161716336922207,0,0,0,0.0118940049577241,0,0,0,0
-0.734032173278738,0.00154476429859709,0,0,0.0122872026333156,0,0.0161716336922207,0,0,0,0.0122872026333156,0,0,0,0
-0.72034240761903,0.00154476429859709,0,0,0.0126914261142471,0,0.0161716336922207,0,0,0,0.0126914261142471,0,0,0,0
-0.706652641959322,0.00154476429859709,0,0,0.0131069104173387,0,0.0161716336922207,0,0,0,0.0131069104173387,0,0,0,0
-0.692962876299614,0.00154476429859709,0,0,0.0135338929359832,0,0.0161716336922207,0,0,0,0.0135338929359832,0,0,0,0
-0.679273110639906,0.00154476429859709,0,0,0.0139726133679722,0,0.0161716336922207,0,0,0,0.0139726133679722,0,0,0,0
-0.665583344980198,0.00154476429859709,0,0,0.0144233136391466,0,0.0161716336922207,0,0,0,0.0144233136391466,0,0,0,0
-0.651893579320491,0.00154476429859709,0,0,0.0148862378228066,0,0.0161716336922207,0,0,0,0.0148862378228066,0,0,0,0
-0.638203813660783,0.00154476429859709,0,0,0.0153616320548203,0,0.0161716336922207,0,0,0,0.0153616320548203,0,0,0,0
-0.624514048001075,0.00154476429859709,0,0,0.0158497444443728,0,0.0161716336922207,0,0,0,0.0158497444443728,0,0,0,0
-0.610824282341367,0.00154476429859709,0,0,0.0163508249803009,0,0.0161716336922207,0,0,0,0.0163508249803009,0,0,0,0
-0.597134516681659,0.00154476429859709,0,0,0.0168651254329597,0,0.0161716336922207,0,0,0,0.0168651254329597,0,0,0,0
-0.583444751021951,0.00154476429859709,0,0,0.0173928992515742,0,0.0161716336922207,0,0,0,0.0173928992515742,0,0,0,0
-0.569754985362243,0.00154476429859709,0,0,0.017934401457028,0,0.0161716336922207,0,0,0,0.017934401457028,0,0,0,0
-0.556065219702535,0.00154476429859709,0,0,0.018489888530049,0,0.0161716336922207,0,0,0,0.018489888530049,0,0,0,0
-0.542375454042827,0.00154476429859709,0,0,0.0190596182947536,0,0.0161716336922207,0,0,0,0.0190596182947536,0,0,0,0
-0.528685688383119,0.00154476429859709,0,0,0.019643849797514,0,0.0161716336922207,0,0,0,0.019643849797514,0,0,0,0
-0.514995922723411,0.00154476429859709,0,0,0.0202428431811195,0,0.0161716336922207,0,0,0,0.0202428431811195,0,0,0,0
-0.501306157063703,0.00154476429859709,0,0,0.0208568595542065,0,0.0161716336922207,0,0,0,0.0208568595542065,0,0,0,0
-0.487616391403995,0.00154476429859709,0,0,0.0214861608559339,0,0.0161716336922207,0,0,0,0.0214861608559339,0,0,0,0
-0.473926625744288,0.00154476429859709,0,0,0.0221310097158888,0,0.0161716336922207,0,0,0,0.0221310097158888,0,0,0,0
-0.46023686008458,0.00154476429859709,0,0,0.0227916693092092,0,0.0161716336922207,0,0,0,0.0227916693092092,0,0,0,0
-0.446547094424872,0.00154476429859709,0,0,0.0234684032069181,0,0.0161716336922207,0,0,0,0.0234684032069181,0,0,0,0
-0.432857328765164,0.00154476429859709,0,0,0.0241614752214642,0,0.0161716336922207,0,0,0,0.0241614752214642,0,0,0,0
-0.419167563105456,0.00154476429859709,0,0,0.0248711492474755,0,0.0161716336922207,0,0,0,0.0248711492474755,0,0,0,0
-0.405477797445748,0.00154476429859709,0,0,0.0255976890977323,0,0.0161716336922207,0,0,0,0.0255976890977323,0,0,0,0
-0.39178803178604,0.00154476429859709,0,0,0.0263413583343733,0,0.0161716336922207,0,0,0,0.0263413583343733,0,0,0,0
-0.378098266126332,0.00154476429859709,0,0,0.0271024200953567,0,0.0161716336922207,0,0,0,0.0271024200953567,0,0,0,0
-0.364408500466624,0.00154476429859709,0,0,0.0278811369161989,0,0.0161716336922207,0,0,0,0.0278811369161989,0,0,0,0
-0.350718734806916,0.00154476429859709,0,0,0.0286777705470255,0,0.0161716336922207,0,0,0,0.0286777705470255,0,0,0,0
-0.337028969147208,0.00154476429859709,0,0,0.0294925817649687,0,0.0161716336922207,0,0,0,0.0294925817649687,0,0,0,0
-0.3233392034875,0.00154476429859709,0,0,0.0303258301819579,0,0.0161716336922207,0,0,0,0.0303258301819579,0,0,0,0
-0.309649437827793,0.00154476429859709,0,0,0.0311777740479514,0,0.0161716336922207,0,0,0,0.0311777740479514,0,0,0,0
-0.295959672168085,0.00154476429859709,0,0,0.0320486700496678,0,0.0161716336922207,0,0,0,0.0320486700496678,0,0,0,0
-0.282269906508377,0.00154476429859709,0,0,0.0329387731048777,0,0.0161716336922207,0,0,0,0.0329387731048777,0,0,0,0
-0.268580140848669,0.00154476429859709,0,0,0.0338483361523282,0,0.0161716336922207,0,0,0,0.0338483361523282,0,0,0,0
-0.254890375188961,0.00154476429859709,0,0,0.0347776099373746,0,0.0161716336922207,0,0,0,0.0347776099373746,0,0,0,0
-0.241200609529253,0.00154476429859709,0,0,0.0357268427934042,0,0.0161716336922207,0,0,0,0.0357268427934042,0,0,0,0
-0.227510843869545,0.00154476429859709,0,0,0.0366962804191421,0,0.0161716336922207,0,0,0,0.0366962804191421,0,0,0,0
-0.213821078209838,0.00154476429859709,0,0,0.0376861656519354,0,0.0161716336922207,0,0,0,0.0376861656519354,0,0,0,0
-0.20013131255013,0.00154476429859709,0,0,0.0386967382371229,0,0.0161716336922207,0,0,0,0.0386967382371229,0,0,0,0
-0.186441546890422,0.00154476429859709,0,0,0.0397282345935988,0,0.0161716336922207,0,0,0,0.0397282345935988,0,0,0,0
-0.172751781230714,0.00154476429859709,0,0,0.040780887575692,0,0.0161716336922207,0,0,0,0.040780887575692,0,0,0,0
-0.159062015571006,0.00154476429859709,0,0,0.0418549262314856,0,0.0161716336922207,0,0,0,0.0418549262314856,0,0,0,0
-0.145372249911298,0.00154476429859709,0,0,0.0429505755577105,0,0.0161716336922207,0,0,0,0.0429505755577105,0,0,0,0
-0.13168248425159,0.00154476429859709,0,0,0.044068056251354,0,0.0161716336922207,0,0,0,0.044068056251354,0,0,0,0
-0.117992718591882,0.00154476429859709,0,0,0.0452075844581312,0,0.0161716336922207,0,0,0,0.0452075844581312,0,0,0,0
-0.104302952932174,0.00154476429859709,0,0,0.0463693715179754,0,0.0161716336922207,0,0,0,0.0463693715179754,0,0,0,0
-0.0906131872724663,0.00154476429859709,0,0,0.0475536237077094,0,0.0161716336922207,0,0,0,0.0475536237077094,0,0,0,0
-0.0769234216127583,0.00154476429859709,0,0,0.0487605419810679,0,0.0161716336922207,0,0,0,0.0487605419810679,0,0,0,0
-0.0632336559530504,0.00154476429859709,0,0,0.0499903217062498,0,0.0161716336922207,0,0,0,0.0499903217062498,0,0,0,0
-0.0495438902933425,0.00154476429859709,0,0,0.0512431524011828,0,0.0161716336922207,0,0,0,0.0512431524011828,0,0,0,0
-0.0358541246336346,0.00154476429859709,0,0,0.0525192174666949,0,0.0161716336922207,0,0,0,0.0525192174666949,0,0,0,0
-0.0221643589739267,0.00154476429859709,0,0,0.053818693917789,0,0.0161716336922207,0,0,0,0.053818693917789,0,0,0,0
-0.00847459331421874,0.00154476429859709,0,0,0.0551417521132296,0,0.0161716336922207,0,0,0,0.0551417521132296,0,0,0,0
0.00521517234548918,0.18073742293586,0.0200074690188335,0,0.0564885554836527,0,0.420462475997737,0,0,0,0.0564885554836527,0,0,0,0
0.0189049380051971,0.18073742293586,0.0200074690188335,0,0.0578592602584202,0,0.420462475997737,0,0,0,0.0578592602584202,0,0,0,0
0.032594703664905,0.18073742293586,0.0200074690188335,0,0.0592540151914452,0,0.420462475997737,0,0,0,0.0592540151914452,0,0,0,0
0.0462844693246129,0.18073742293586,0.0200074690188335,0,0.0606729612862214,0,0.420462475997737,0,0,0,0.0606729612862214,0,0,0,0
0.0599742349843209,0.18073742293586,0.0200074690188335,0,0.0621162315202986,0,0.420462475997737,0,0,0,0.0621162315202986,0,0,0,0
0.0736640006440288,0.18073742293586,0.0200074690188335,0,0.0635839505694484,0,0.420462475997737,0,0,0,0.0635839505694484,0,0,0,0
0.0873537663037367,0.18073742293586,0.0200074690188335,0,0.0650762345317745,0,0.420462475997737,0,0,0,0.0650762345317745,0,0,0,0
0.101043531963445,0.18073742293586,0.0200074690188335,0,0.0665931906520267,0,0.420462475997737,0,0,0,0.0665931906520267,0,0,0,0
0.114733297623153,0.18073742293586,0.0200074690188335,0,0.0681349170463823,0,0.420462475997737,0,0,0,0.0681349170463823,0,0,0,0
0.12842306328286,0.18073742293586,0.0200074690188335,0,0.0697015024279669,0,0.420462475997737,0,0,0,0.0697015024279669,0,0,0,0
0.142112828942568,0.18073742293586,0.0200074690188335,0,0.0712930258333896,0,0.420462475997737,0,0,0,0.0712930258333896,0,0,0,0
0.155802594602276,0.18073742293586,0.0200074690188335,0,0.0729095563505742,0,0.420462475997737,0,0,0,0.0729095563505742,0,0,0,0
0.169492360261984,0.18073742293586,0.0200074690188335,0,0.0745511528481738,0,0.420462475997737,0,0,0,0.0745511528481738,0,0,0,0
0.183182125921692,0.18073742293586,0.0200074690188335,0,0.0762178637068588,0,0.420462475997737,0,0,0,0.0762178637068588,0,0,0,0
0.1968718915814,0.18073742293586,0.0200074690188335,0,0.0779097265527752,0,0.420462475997737,0,0,0,0.0779097265527752,0,0,0,0
0.210561657241108,0.18073742293586,0.0200074690188335,0,0.0796267679934723,0,0.420462475997737,0,0,0,0.0796267679934723,0,0,0,0
0.224251422900816,0.18073742293586,0.0200074690188335,0,0.0813690033566052,0,0.420462475997737,0,0,0,0.0813690033566052,0,0,0,0
0.237941188560524,0.18073742293586,0.0200074690188335,0,0.083136436431719,0,0.420462475997737,0,0,0,0.083136436431719,0,0,0,0
0.251630954220232,0.18073742293586,0.0200074690188335,0,0.0849290592154271,0,0.420462475997737,0,0,0,0.0849290592154271,0,0,0,0
0.26532071987994,0.18073742293586,0.0200074690188335,0,0.0867468516602959,0,0.420462475997737,0,0,0,0.0867468516602959,0,0,0,0
0.279010485539648,0.18073742293586,0.0200074690188335,0,0.0885897814277564,0,0.420462475997737,0,0,0,0.0885897814277564,0,0,0,0
0.292700251199355,0.18073742293586,0.0200074690188335,0,0.0904578036453589,0,0.420462475997737,0,0,0,0.0904578036453589,0,0,0,0
0.306390016859063,0.18073742293586,0.0200074690188335,0,0.0923508606686952,0,0.420462475997737,0,0,0,0.0923508606686952,0,0,0,0
0.320079782518771,0.18073742293586,0.0200074690188335,0,0.0942688818483099,0,0.420462475997737,0,0,0,0.0942688818483099,0,0,0,0
0.333769548178479,0.18073742293586,0.0200074690188335,0,0.096211783301927,0,0.420462475997737,0,0,0,0.096211783301927,0,0,0,0
0.347459313838187,0.18073742293586,0.0200074690188335,0,0.0981794676923163,0,0.420462475997737,0,0,0,0.0981794676923163,0,0,0,0
0.361149079497895,0.18073742293586,0.0200074690188335,0,0.100171824011128,0,0.420462475997737,0,0,0,0.100171824011128,0,0,0,0
0.374838845157603,0.18073742293586,0.0200074690188335,0,0.102188727369019,0,0.420462475997737,0,0,0,0.102188727369019,0,0,0,0
0.38852861081731,0.18073742293586,0.0200074690188335,0,0.1042300387924,0,0.420462475997737,0,0,0,0.1042300387924,0,0,0,0
0.402218376477018,0.18073742293586,0.0200074690188335,0,0.10629560502713,0,0.420462475997737,0,0,0,0.10629560502713,0,0,0,0
0.415908142136726,0.18073742293586,0.0200074690188335,0,0.108385258349477,0,0.420462475997737,0,0,0,0.108385258349477,0,0,0,0
0.429597907796434,0.18073742293586,0.0200074690188335,0,0.110498816384674,0,0.420462475997737,0,0,0,0.110498816384674,0,0,0,0
0.443287673456142,0.18073742293586,0.0200074690188335,0,0.112636081933395,0,0.420462475997737,0,0,0,0.112636081933395,0,0,0,0
0.45697743911585,0.18073742293586,0.0200074690188335,0,0.114796842806455,0,0.420462475997737,0,0,0,0.114796842806455,0,0,0,0
0.470667204775558,0.18073742293586,0.0200074690188335,0,0.116980871668069,0,0.420462475997737,0,0,0,0.116980871668069,0,0,0,0
0.484356970435266,0.18073742293586,0.0200074690188335,0,0.119187925887967,0,0.420462475997737,0,0,0,0.119187925887967,0,0,0,0
0.498046736094974,0.18073742293586,0.0200074690188335,0,0.121417747402687,0,0.420462475997737,0,0,0,0.121417747402687,0,0,0,0
0.511736501754682,0.301229038226433,0.380141911357837,0.0400478450590794,0.123670062586344,0,0.840924951995475,0.100202015621071,0.198228682192024,0.401358623009675,0.123670062586344,1.40862502951605,0,0.400259010343896,0.240221220239278
0.52542626741439,0.301229038226433,0.380141911357837,0.0400478450590794,0.12594458213117,0,0.840924951995475,0.100202015621071,0.198228682192024,0.401358623009675,0.12594458213117,1.40862502951605,0,0.400259010343896,0.240221220239278
0.539116033074098,0.301229038226433,0.380141911357837,0.0400478450590794,0.128241000938135,0,0.840924951995475,0.100202015621071,0.198228682192024,0.401358623009675,0.128241000938135,1.40862502951605,0,0.400259010343896,0.240221220239278
0.552805798733806,0.301229038226433,0.380141911357837,0.0400478450590794,0.13055899801793,0,0.840924951995475,0.100202015621071,0.198228682192024,0.401358623009675,0.13055899801793,1.40862502951605,0,0.400259010343896,0.240221220239278
0.566495564393514,0.301229038226433,0.380141911357837,0.0400478450590794,0.13289823640259,0,0.840924951995475,0.100202015621071,0.198228682192024,0.401358623009675,0.13289823640259,1.40862502951605,0,0.400259010343896,0.240221220239278
0.580185330053221,0.301229038226433,0.380141911357837,0.0400478450590794,0.135258363068049,0,0.840924951995475,0.100202015621071,0.198228682192024,0.401358623009675,0.135258363068049,1.40862502951605,0,0.400259010343896,0.240221220239278
0.59387509571293,0.301229038226433,0.380141911357837,0.0400478450590794,0.13763900886788,0,0.840924951995475,0.100202015621071,0.198228682192024,0.401358623009675,0.13763900886788,1.40862502951605,0,0.400259010343896,0.240221220239278
0.607564861372637,0.301229038226433,0.380141911357837,0.0400478450590794,0.140039788478502,0,0.840924951995475,0.100202015621071,0.198228682192024,0.401358623009675,0.140039788478502,1.40862502951605,0,0.400259010343896,0.240221220239278
0.621254627032346,0.301229038226433,0.380141911357837,0.0400478450590794,0.14246030035609,0,0.840924951995475,0.100202015621071,0.198228682192024,0.401358623009675,0.14246030035609,1.40862502951605,0,0.400259010343896,0.240221220239278
0.634944392692053,0.301229038226433,0.380141911357837,0.0400478450590794,0.144900126705449,0,0.840924951995475,0.100202015621071,0.198228682192024,0.401358623009675,0.144900126705449,1.40862502951605,0,0.400259010343896,0.240221220239278
0.648634158351761,0.301229038226433,0.380141911357837,0.0400478450590794,0.147358833461081,0,0.840924951995475,0.100202015621071,0.198228682192024,0.401358623009675,0.147358833461081,1.40862502951605,0,0.400259010343896,0.240221220239278
0.662323924011469,0.301229038226433,0.380141911357837,0.0400478450590794,0.149835970280682,0,0.840924951995475,0.100202015621071,0.198228682192024,0.401358623009675,0.149835970280682,1.40862502951605,0,0.400259010343896,0.240221220239278
0.676013689671176,0.301229038226433,0.380141911357837,0.0400478450590794,0.152331070551272,0,0.840924951995475,0.100202015621071,0.198228682192024,0.401358623009675,0.152331070551272,1.40862502951605,0,0.400259010343896,0.240221220239278
0.689703455330885,0.301229038226433,0.380141911357837,0.0400478450590794,0.154843651408193,0,0.840924951995475,0.100202015621071,0.198228682192024,0.401358623009675,0.154843651408193,1.40862502951605,0,0.400259010343896,0.240221220239278
0.703393220990592,0.301229038226433,0.380141911357837,0.0400478450590794,0.157373213767145,0,0.840924951995475,0.100202015621071,0.198228682192024,0.401358623009675,0.157373213767145,1.40862502951605,0,0.400259010343896,0.240221220239278
0.717082986650301,0.301229038226433,0.380141911357837,0.0400478450590794,0.159919242369466,0,0.840924951995475,0.100202015621071,0.198228682192024,0.401358623009675,0.159919242369466,1.40862502951605,0,0.400259010343896,0.240221220239278
0.730772752310008,0.301229038226433,0.380141911357837,0.0400478450590794,0.162481205840825,0,0.840924951995475,0.100202015621071,0.198228682192024,0.401358623009675,0.162481205840825,1.40862502951605,0,0.400259010343896,0.240221220239278
0.744462517969716,0.301229038226433,0.380141911357837,0.0400478450590794,0.165058556763488,0,0.840924951995475,0.100202015621071,0.198228682192024,0.401358623009675,0.165058556763488,1.40862502951605,0,0.400259010343896,0.240221220239278
0.758152283629424,0.301229038226433,0.380141911357837,0.0400478450590794,0.167650731762323,0,0.840924951995475,0.100202015621071,0.198228682192024,0.401358623009675,0.167650731762323,1.40862502951605,0,0.400259010343896,0.240221220239278
0.771842049289132,0.301229038226433,0.380141911357837,0.0400478450590794,0.170257151604667,0,0.840924951995475,0.100202015621071,0.198228682192024,0.401358623009675,0.170257151604667,1.40862502951605,0,0.400259010343896,0.240221220239278
0.78553181494884,0.301229038226433,0.380141911357837,0.0400478450590794,0.172877221314184,0,0.840924951995475,0.100202015621071,0.198228682192024,0.401358623009675,0.172877221314184,1.40862502951605,0,0.400259010343896,0.240221220239278
0.799221580608548,0.301229038226433,0.380141911357837,0.0400478450590794,0.17551033029884,0,0.840924951995475,0.100202015621071,0.198228682192024,0.401358623009675,0.17551033029884,1.40862502951605,0,0.400259010343896,0.240221220239278
0.812911346268256,0.301229038226433,0.380141911357837,0.0400478450590794,0.178155852493076,0,0.840924951995475,0.100202015621071,0.198228682192024,0.401358623009675,0.178155852493076,1.40862502951605,0,0.400259010343896,0.240221220239278
0.826601111927964,0.301229038226433,0.380141911357837,0.0400478450590794,0.180813146514278,0,0.840924951995475,0.100202015621071,0.198228682192024,0.401358623009675,0.180813146514278,1.40862502951605,0,0.400259010343896,0.240221220239278
0.840290877587671,0.301229038226433,0.380141911357837,0.0400478450590794,0.183481555833607,0,0.840924951995475,0.100202015621071,0.198228682192024,0.401358623009675,0.183481555833607,1.40862502951605,0,0.400259010343896,0.240221220239278
0.85398064324738,0.301229038226433,0.380141911357837,0.0400478450590794,0.186160408961247,0,0.840924951995475,0.100202015621071,0.198228682192024,0.401358623009675,0.186160408961247,1.40862502951605,0,0.400259010343896,0.240221220239278
0.867670408907087,0.301229038226433,0.380141911357837,0.0400478450590794,0.18884901964611,0,0.840924951995475,0.100202015621071,0.198228682192024,0.401358623009675,0.18884901964611,1.40862502951605,0,0.400259010343896,0.240221220239278
0.881360174566796,0.301229038226433,0.380141911357837,0.0400478450590794,0.191546687090031,0,0.840924951995475,0.100202015621071,0.198228682192024,0.401358623009675,0.191546687090031,1.40862502951605,0,0.400259010343896,0.240221220239278
0.895049940226503,0.301229038226433,0.380141911357837,0.0400478450590794,0.194252696176454,0,0.840924951995475,0.100202015621071,0.198228682192024,0.401358623009675,0.194252696176454,1.40862502951605,0,0.400259010343896,0.240221220239278
0.908739705886211,0.301229038226433,0.380141911357837,0.0400478450590794,0.196966317713612,0,0.840924951995475,0.100202015621071,0.198228682192024,0.401358623009675,0.196966317713612,1.40862502951605,0,0.400259010343896,0.240221220239278
0.922429471545919,0.301229038226433,0.380141911357837,0.0400478450590794,0.199686808692169,0,0.840924951995475,0.100202015621071,0.198228682192024,0.401358623009675,0.199686808692169,1.40862502951605,0,0.400259010343896,0.240221220239278
0.936119237205627,0.301229038226433,0.380141911357837,0.0400478450590794,0.202413412557298,0,0.840924951995475,0.100202015621071,0.198228682192024,0.401358623009675,0.202413412557298,1.40862502951605,0,0.400259010343896,0.240221220239278
0.949809002865335,0.301229038226433,0.380141911357837,0.0400478450590794,0.205145359495136,0,0.840924951995475,0.100202015621071,0.198228682192024,0.401358623009675,0.205145359495136,1.40862502951605,0,0.400259010343896,0.240221220239278
0.963498768525043,0.301229038226433,0.380141911357837,0.0400478450590794,0.207881866733545,0,0.840924951995475,0.100202015621071,0.198228682192024,0.401358623009675,0.207881866733545,1.40862502951605,0,0.400259010343896,0.240221220239278
0.977188534184751,0.301229038226433,0.380141911357837,0.0400478450590794,0.210622138857087,0,0.840924951995475,0.100202015621071,0.198228682192024,0.401358623009675,0.210622138857087,1.40862502951605,0,0.400259010343896,0.240221220239278
0.990878299844459,0.301229038226433,0.380141911357837,0.0400478450590794,0.213365368136126,0,0.840924951995475,0.100202015621071,0.198228682192024,0.401358623009675,0.213365368136126,1.40862502951605,0,0.400259010343896,0.240221220239278
1.00456806550417,0.502048397044054,0.600224070565006,0.160191380236317,0.216110734869915,0.200404031242142,0.420462475997737,0.80161612496857,1.68494379863221,0.80271724601935,0.216110734869915,0.603696441221164,0.399165406490497,0.900582773273766,0.600553050598194
1.01825783116387,0.502048397044054,0.600224070565006,0.160191380236317,0.21885740774355,0.200404031242142,0.420462475997737,0.80161612496857,1.68494379863221,0.80271724601935,0.21885740774355,0.603696441221164,0.399165406490497,0.900582773273766,0.600553050598194
1.03194759682358,0.502048397044054,0.600224070565006,0.160191380236317,0.221604544198614,0.200404031242142,0.420462475997737,0.80161612496857,1.68494379863221,0.80271724601935,0.221604544198614,0.603696441221164,0.399165406490497,0.900582773273766,0.600553050598194
1.04563736248329,0.502048397044054,0.600224070565006,0.160191380236317,0.224351290817371,0.200404031242142,0.420462475997737,0.80161612496857,1.68494379863221,0.80271724601935,0.224351290817371,0.603696441221164,0.399165406490497,0.900582773273766,0.600553050598194
1.059327128143,0.502048397044054,0.600224070565006,0.160191380236317,0.227096783720283,0.200404031242142,0.420462475997737,0.80161612496857,1.68494379863221,0.80271724601935,0.227096783720283,0.603696441221164,0.399165406490497,0.900582773273766,0.600553050598194
1.07301689380271,0.502048397044054,0.600224070565006,0.160191380236317,0.229840148976685,0.200404031242142,0.420462475997737,0.80161612496857,1.68494379863221,0.80271724601935,0.229840148976685,0.603696441221164,0.399165406490497,0.900582773273766,0.600553050598194
1.08670665946241,0.502048397044054,0.600224070565006,0.160191380236317,0.232580503028358,0.200404031242142,0.420462475997737,0.80161612496857,1.68494379863221,0.80271724601935,0.232580503028358,0.603696441221164,0.399165406490497,0.900582773273766,0.600553050598194
1.10039642512212,0.502048397044054,0.600224070565006,0.160191380236317,0.235316953125789,0.200404031242142,0.420462475997737,0.80161612496857,1.68494379863221,0.80271724601935,0.235316953125789,0.603696441221164,0.399165406490497,0.900582773273766,0.600553050598194
1.11408619078183,0.502048397044054,0.600224070565006,0.160191380236317,0.238048597776845,0.200404031242142,0.420462475997737,0.80161612496857,1.68494379863221,0.80271724601935,0.238048597776845,0.603696441221164,0.399165406490497,0.900582773273766,0.600553050598194
1.12777595644154,0.502048397044054,0.600224070565006,0.160191380236317,0.240774527207599,0.200404031242142,0.420462475997737,0.80161612496857,1.68494379863221,0.80271724601935,0.240774527207599,0.603696441221164,0.399165406490497,0.900582773273766,0.600553050598194
1.14146572210125,0.502048397044054,0.600224070565006,0.160191380236317,0.243493823835009,0.200404031242142,0.420462475997737,0.80161612496857,1.68494379863221,0.80271724601935,0.243493823835009,0.603696441221164,0.399165406490497,0.900582773273766,0.600553050598194
1.15515548776095,0.502048397044054,0.600224070565006,0.160191380236317,0.246205562751152,0.200404031242142,0.420462475997737,0.80161612496857,1.68494379863221,0.80271724601935,0.246205562751152,0.603696441221164,0.399165406490497,0.900582773273766,0.600553050598194
1.16884525342066,0.502048397044054,0.600224070565006,0.160191380236317,0.248908812218688,0.200404031242142,0.420462475997737,0.80161612496857,1.68494379863221,0.80271724601935,0.248908812218688,0.603696441221164,0.399165406490497,0.900582773273766,0.600553050598194
1.18253501908037,0.502048397044054,0.600224070565006,0.160191380236317,0.251602634177219,0.200404031242142,0.420462475997737,0.80161612496857,1.68494379863221,0.80271724601935,0.251602634177219,0.603696441221164,0.399165406490497,0.900582773273766,0.600553050598194
1.19622478474008,0.502048397044054,0.600224070565006,0.160191380236317,0.254286084760181,0.200404031242142,0.420462475997737,0.80161612496857,1.68494379863221,0.80271724601935,0.254286084760181,0.603696441221164,0.399165406490497,0.900582773273766,0.600553050598194
1.20991455039979,0.502048397044054,0.600224070565006,0.160191380236317,0.25695821482191,0.200404031242142,0.420462475997737,0.80161612496857,1.68494379863221,0.80271724601935,0.25695821482191,0.603696441221164,0.399165406490497,0.900582773273766,0.600553050598194
1.22360431605949,0.502048397044054,0.600224070565006,0.160191380236317,0.259618070474499,0.200404031242142,0.420462475997737,0.80161612496857,1.68494379863221,0.80271724601935,0.259618070474499,0.603696441221164,0.399165406490497,0.900582773273766,0.600553050598194
1.2372940817192,0.502048397044054,0.600224070565006,0.160191380236317,0.262264693634034,0.200404031242142,0.420462475997737,0.80161612496857,1.68494379863221,0.80271724601935,0.262264693634034,0.603696441221164,0.399165406490497,0.900582773273766,0.600553050598194
1.25098384737891,0.502048397044054,0.600224070565006,0.160191380236317,0.26489712257581,0.200404031242142,0.420462475997737,0.80161612496857,1.68494379863221,0.80271724601935,0.26489712257581,0.603696441221164,0.399165406490497,0.900582773273766,0.600553050598194
1.26467361303862,0.502048397044054,0.600224070565006,0.160191380236317,0.267514392498089,0.200404031242142,0.420462475997737,0.80161612496857,1.68494379863221,0.80271724601935,0.267514392498089,0.603696441221164,0.399165406490497,0.900582773273766,0.600553050598194
1.27836337869832,0.502048397044054,0.600224070565006,0.160191380236317,0.270115536093972,0.200404031242142,0.420462475997737,0.80161612496857,1.68494379863221,0.80271724601935,0.270115536093972,0.603696441221164,0.399165406490497,0.900582773273766,0.600553050598194
1.29205314435803,0.502048397044054,0.600224070565006,0.160191380236317,0.27269958413091,0.200404031242142,0.420462475997737,0.80161612496857,1.68494379863221,0.80271724601935,0.27269958413091,0.603696441221164,0.399165406490497,0.900582773273766,0.600553050598194
1.30574291001774,0.502048397044054,0.600224070565006,0.160191380236317,0.275265566037407,0.200404031242142,0.420462475997737,0.80161612496857,1.68494379863221,0.80271724601935,0.275265566037407,0.603696441221164,0.399165406490497,0.900582773273766,0.600553050598194
1.31943267567745,0.502048397044054,0.600224070565006,0.160191380236317,0.277812510496426,0.200404031242142,0.420462475997737,0.80161612496857,1.68494379863221,0.80271724601935,0.277812510496426,0.603696441221164,0.399165406490497,0.900582773273766,0.600553050598194
1.33312244133716,0.502048397044054,0.600224070565006,0.160191380236317,0.280339446045004,0.200404031242142,0.420462475997737,0.80161612496857,1.68494379863221,0.80271724601935,0.280339446045004,0.603696441221164,0.399165406490497,0.900582773273766,0.600553050598194
1.34681220699686,0.502048397044054,0.600224070565006,0.160191380236317,0.282845401679578,0.200404031242142,0.420462475997737,0.80161612496857,1.68494379863221,0.80271724601935,0.282845401679578,0.603696441221164,0.399165406490497,0.900582773273766,0.600553050598194
1.36050197265657,0.502048397044054,0.600224070565006,0.160191380236317,0.285329407466501,0.200404031242142,0.420462475997737,0.80161612496857,1.68494379863221,0.80271724601935,0.285329407466501,0.603696441221164,0.399165406490497,0.900582773273766,0.600553050598194
1.37419173831628,0.502048397044054,0.600224070565006,0.160191380236317,0.287790495157237,0.200404031242142,0.420462475997737,0.80161612496857,1.68494379863221,0.80271724601935,0.287790495157237,0.603696441221164,0.399165406490497,0.900582773273766,0.600553050598194
1.38788150397599,0.502048397044054,0.600224070565006,0.160191380236317,0.290227698807681,0.200404031242142,0.420462475997737,0.80161612496857,1.68494379863221,0.80271724601935,0.290227698807681,0.603696441221164,0.399165406490497,0.900582773273766,0.600553050598194
1.4015712696357,0.502048397044054,0.600224070565006,0.160191380236317,0.292640055401077,0.200404031242142,0.420462475997737,0.80161612496857,1.68494379863221,0.80271724601935,0.292640055401077,0.603696441221164,0.399165406490497,0.900582773273766,0.600553050598194
1.4152610352954,0.502048397044054,0.600224070565006,0.160191380236317,0.295026605473975,0.200404031242142,0.420462475997737,0.80161612496857,1.68494379863221,0.80271724601935,0.295026605473975,0.603696441221164,0.399165406490497,0.900582773273766,0.600553050598194
1.42895080095511,0.502048397044054,0.600224070565006,0.160191380236317,0.297386393744664,0.200404031242142,0.420462475997737,0.80161612496857,1.68494379863221,0.80271724601935,0.297386393744664,0.603696441221164,0.399165406490497,0.900582773273766,0.600553050598194
1.44264056661482,0.502048397044054,0.600224070565006,0.160191380236317,0.299718469743521,0.200404031242142,0.420462475997737,0.80161612496857,1.68494379863221,0.80271724601935,0.299718469743521,0.603696441221164,0.399165406490497,0.900582773273766,0.600553050598194
1.45633033227453,0.502048397044054,0.600224070565006,0.160191380236317,0.302021888444693,0.200404031242142,0.420462475997737,0.80161612496857,1.68494379863221,0.80271724601935,0.302021888444693,0.603696441221164,0.399165406490497,0.900582773273766,0.600553050598194
1.47002009793424,0.502048397044054,0.600224070565006,0.160191380236317,0.304295710898536,0.200404031242142,0.420462475997737,0.80161612496857,1.68494379863221,0.80271724601935,0.304295710898536,0.603696441221164,0.399165406490497,0.900582773273766,0.600553050598194
1.48370986359394,0.502048397044054,0.600224070565006,0.160191380236317,0.306539004864225,0.200404031242142,0.420462475997737,0.80161612496857,1.68494379863221,0.80271724601935,0.306539004864225,0.603696441221164,0.399165406490497,0.900582773273766,0.600553050598194
1.49739962925365,0.502048397044054,0.600224070565006,0.160191380236317,0.308750845441941,0.200404031242142,0.420462475997737,0.80161612496857,1.68494379863221,0.80271724601935,0.308750845441941,0.603696441221164,0.399165406490497,0.900582773273766,0.600553050598194
1.51108939491336,0.602458076452865,0.420156849395504,0.440526295649873,0.310930315704047,0.901818140589637,0.210231237998869,1.00202015621071,0.0991143410960121,0.80271724601935,0.310930315704047,0,0.798330812980993,0.600388515515844,0.600553050598194
1.52477916057307,0.602458076452865,0.420156849395504,0.440526295649873,0.313076507324648,0.901818140589637,0.210231237998869,1.00202015621071,0.0991143410960121,0.80271724601935,0.313076507324648,0,0.798330812980993,0.600388515515844,0.600553050598194
1.53846892623277,0.602458076452865,0.420156849395504,0.440526295649873,0.315188521206931,0.901818140589637,0.210231237998869,1.00202015621071,0.0991143410960121,0.80271724601935,0.315188521206931,0,0.798330812980993,0.600388515515844,0.600553050598194
1.55215869189248,0.602458076452865,0.420156849395504,0.440526295649873,0.317265468107699,0.901818140589637,0.210231237998869,1.00202015621071,0.0991143410960121,0.80271724601935,0.317265468107699,0,0.798330812980993,0.600388515515844,0.600553050598194
1.56584845755219,0.602458076452865,0.420156849395504,0.440526295649873,0.319306469258474,0.901818140589637,0.210231237998869,1.00202015621071,0.0991143410960121,0.80271724601935,0.319306469258474,0,0.798330812980993,0.600388515515844,0.600553050598194
1.5795382232119,0.602458076452865,0.420156849395504,0.440526295649873,0.321310656982583,0.901818140589637,0.210231237998869,1.00202015621071,0.0991143410960121,0.80271724601935,0.321310656982583,0,0.798330812980993,0.600388515515844,0.600553050598194
1.59322798887161,0.602458076452865,0.420156849395504,0.440526295649873,0.323277175307608,0.901818140589637,0.210231237998869,1.00202015621071,0.0991143410960121,0.80271724601935,0.323277175307608,0,0.798330812980993,0.600388515515844,0.600553050598194
1.60691775453131,0.602458076452865,0.420156849395504,0.440526295649873,0.32520518057261,0.901818140589637,0.210231237998869,1.00202015621071,0.0991143410960121,0.80271724601935,0.32520518057261,0,0.798330812980993,0.600388515515844,0.600553050598194
1.62060752019102,0.602458076452865,0.420156849395504,0.440526295649873,0.327093842029519,0.901818140589637,0.210231237998869,1.00202015621071,0.0991143410960121,0.80271724601935,0.327093842029519,0,0.798330812980993,0.600388515515844,0.600553050598194
1.63429728585073,0.602458076452865,0.420156849395504,0.440526295649873,0.328942342438094,0.901818140589637,0.210231237998869,1.00202015621071,0.0991143410960121,0.80271724601935,0.328942342438094,0,0.798330812980993,0.600388515515844,0.600553050598194
1.64798705151044,0.602458076452865,0.420156849395504,0.440526295649873,0.330749878653857,0.901818140589637,0.210231237998869,1.00202015621071,0.0991143410960121,0.80271724601935,0.330749878653857,0,0.798330812980993,0.600388515515844,0.600553050598194
1.66167681717015,0.602458076452865,0.420156849395504,0.440526295649873,0.332515662208413,0.901818140589637,0.210231237998869,1.00202015621071,0.0991143410960121,0.80271724601935,0.332515662208413,0,0.798330812980993,0.600388515515844,0.600553050598194
1.67536658282985,0.602458076452865,0.420156849395504,0.440526295649873,0.334238919881564,0.901818140589637,0.210231237998869,1.00202015621071,0.0991143410960121,0.80271724601935,0.334238919881564,0,0.798330812980993,0.600388515515844,0.600553050598194
1.68905634848956,0.602458076452865,0.420156849395504,0.440526295649873,0.335918894264654,0.901818140589637,0.210231237998869,1.00202015621071,0.0991143410960121,0.80271724601935,0.335918894264654,0,0.798330812980993,0.600388515515844,0.600553050598194
1.70274611414927,0.602458076452865,0.420156849395504,0.440526295649873,0.337554844314543,0.901818140589637,0.210231237998869,1.00202015621071,0.0991143410960121,0.80271724601935,0.337554844314543,0,0.798330812980993,0.600388515515844,0.600553050598194
1.71643587980898,0.602458076452865,0.420156849395504,0.440526295649873,0.339146045897672,0.901818140589637,0.210231237998869,1.00202015621071,0.0991143410960121,0.80271724601935,0.339146045897672,0,0.798330812980993,0.600388515515844,0.600553050598194
1.73012564546868,0.602458076452865,0.420156849395504,0.440526295649873,0.34069179232364,0.901818140589637,0.210231237998869,1.00202015621071,0.0991143410960121,0.80271724601935,0.34069179232364,0,0.798330812980993,0.600388515515844,0.600553050598194
1.74381541112839,0.602458076452865,0.420156849395504,0.440526295649873,0.342191394867765,0.901818140589637,0.210231237998869,1.00202015621071,0.0991143410960121,0.80271724601935,0.342191394867765,0,0.798330812980993,0.600388515515844,0.600553050598194
1.7575051767881,0.602458076452865,0.420156849395504,0.440526295649873,0.343644183282056,0.901818140589637,0.210231237998869,1.00202015621071,0.0991143410960121,0.80271724601935,0.343644183282056,0,0.798330812980993,0.600388515515844,0.600553050598194
1.77119494244781,0.602458076452865,0.420156849395504,0.440526295649873,0.345049506294104,0.901818140589637,0.210231237998869,1.00202015621071,0.0991143410960121,0.80271724601935,0.345049506294104,0,0.798330812980993,0.600388515515844,0.600553050598194
1.78488470810752,0.602458076452865,0.420156849395504,0.440526295649873,0.34640673209334,0.901818140589637,0.210231237998869,1.00202015621071,0.0991143410960121,0.80271724601935,0.34640673209334,0,0.798330812980993,0.600388515515844,0.600553050598194
1.79857447376722,0.602458076452865,0.420156849395504,0.440526295649873,0.347715248804176,0.901818140589637,0.210231237998869,1.00202015621071,0.0991143410960121,0.80271724601935,0.347715248804176,0,0.798330812980993,0.600388515515844,0.600553050598194
1.81226423942693,0.602458076452865,0.420156849395504,0.440526295649873,0.348974464945513,0.901818140589637,0.210231237998869,1.00202015621071,0.0991143410960121,0.80271724601935,0.348974464945513,0,0.798330812980993,0.600388515515844,0.600553050598194
1.82595400508664,0.602458076452865,0.420156849395504,0.440526295649873,0.350183809876154,0.901818140589637,0.210231237998869,1.00202015621071,0.0991143410960121,0.80271724601935,0.350183809876154,0,0.798330812980993,0.600388515515844,0.600553050598194
1.83964377074635,0.602458076452865,0.420156849395504,0.440526295649873,0.351342734225633,0.901818140589637,0.210231237998869,1.00202015621071,0.0991143410960121,0.80271724601935,0.351342734225633,0,0.798330812980993,0.600388515515844,0.600553050598194
1.85333353640606,0.602458076452865,0.420156849395504,0.440526295649873,0.352450710310018,0.901818140589637,0.210231237998869,1.00202015621071,0.0991143410960121,0.80271724601935,0.352450710310018,0,0.798330812980993,0.600388515515844,0.600553050598194
1.86702330206576,0.602458076452865,0.420156849395504,0.440526295649873,0.353507232532243,0.901818140589637,0.210231237998869,1.00202015621071,0.0991143410960121,0.80271724601935,0.353507232532243,0,0.798330812980993,0.600388515515844,0.600553050598194
1.88071306772547,0.602458076452865,0.420156849395504,0.440526295649873,0.354511817766544,0.901818140589637,0.210231237998869,1.00202015621071,0.0991143410960121,0.80271724601935,0.354511817766544,0,0.798330812980993,0.600388515515844,0.600553050598194
1.89440283338518,0.602458076452865,0.420156849395504,0.440526295649873,0.355464005726587,0.901818140589637,0.210231237998869,1.00202015621071,0.0991143410960121,0.80271724601935,0.355464005726587,0,0.798330812980993,0.600388515515844,0.600553050598194
1.90809259904489,0.602458076452865,0.420156849395504,0.440526295649873,0.356363359316903,0.901818140589637,0.210231237998869,1.00202015621071,0.0991143410960121,0.80271724601935,0.356363359316903,0,0.798330812980993,0.600388515515844,0.600553050598194
1.9217823647046,0.602458076452865,0.420156849395504,0.440526295649873,0.357209464967246,0.901818140589637,0.210231237998869,1.00202015621071,0.0991143410960121,0.80271724601935,0.357209464967246,0,0.798330812980993,0.600388515515844,0.600553050598194
1.9354721303643,0.602458076452865,0.420156849395504,0.440526295649873,0.358001932949525,0.901818140589637,0.210231237998869,1.00202015621071,0.0991143410960121,0.80271724601935,0.358001932949525,0,0.798330812980993,0.600388515515844,0.600553050598194
1.94916189602401,0.602458076452865,0.420156849395504,0.440526295649873,0.358740397676956,0.901818140589637,0.210231237998869,1.00202015621071,0.0991143410960121,0.80271724601935,0.358740397676956,0,0.798330812980993,0.600388515515844,0.600553050598194
1.96285166168372,0.602458076452865,0.420156849395504,0.440526295649873,0.359424517985131,0.901818140589637,0.210231237998869,1.00202015621071,0.0991143410960121,0.80271724601935,0.359424517985131,0,0.798330812980993,0.600388515515844,0.600553050598194
1.97654142734343,0.602458076452865,0.420156849395504,0.440526295649873,0.360053977394684,0.901818140589637,0.210231237998869,1.00202015621071,0.0991143410960121,0.80271724601935,0.360053977394684,0,0.798330812980993,0.600388515515844,0.600553050598194
1.99023119300314,0.602458076452865,0.420156849395504,0.440526295649873,0.360628484355285,0.901818140589637,0.210231237998869,1.00202015621071,0.0991143410960121,0.80271724601935,0.360628484355285,0,0.798330812980993,0.600388515515844,0.600553050598194
2.00392095866284,0.401638717635243,0.300112035282503,0.600717675886191,0.361147772470689,0.701414109347495,0,0.100202015621071,0,0,0.361147772470689,0,0.798330812980993,0.100064752585974,0.380350265378856
2.01761072432255,0.401638717635243,0.300112035282503,0.600717675886191,0.361611600704597,0.701414109347495,0,0.100202015621071,0,0,0.361611600704597,0,0.798330812980993,0.100064752585974,0.380350265378856
2.03130048998226,0.401638717635243,0.300112035282503,0.600717675886191,0.36201975356712,0.701414109347495,0,0.100202015621071,0,0,0.36201975356712,0,0.798330812980993,0.100064752585974,0.380350265378856
2.04499025564197,0.401638717635243,0.300112035282503,0.600717675886191,0.362372041281622,0.701414109347495,0,0.100202015621071,0,0,0.362372041281622,0,0.798330812980993,0.100064752585974,0.380350265378856
2.05868002130167,0.401638717635243,0.300112035282503,0.600717675886191,0.362668299931776,0.701414109347495,0,0.100202015621071,0,0,0.362668299931776,0,0.798330812980993,0.100064752585974,0.380350265378856
2.07236978696138,0.401638717635243,0.300112035282503,0.600717675886191,0.36290839158868,0.701414109347495,0,0.100202015621071,0,0,0.36290839158868,0,0.798330812980993,0.100064752585974,0.380350265378856
2.08605955262109,0.401638717635243,0.300112035282503,0.600717675886191,0.363092204417868,0.701414109347495,0,0.100202015621071,0,0,0.363092204417868,0,0.798330812980993,0.100064752585974,0.380350265378856
2.0997493182808,0.401638717635243,0.300112035282503,0.600717675886191,0.363219652766132,0.701414109347495,0,0.100202015621071,0,0,0.363219652766132,0,0.798330812980993,0.100064752585974,0.380350265378856
2.11343908394051,0.401638717635243,0.300112035282503,0.600717675886191,0.363290677228037,0.701414109347495,0,0.100202015621071,0,0,0.363290677228037,0,0.798330812980993,0.100064752585974,0.380350265378856
2.12712884960021,0.401638717635243,0.300112035282503,0.600717675886191,0.36330524469207,0.701414109347495,0,0.100202015621071,0,0,0.36330524469207,0,0.798330812980993,0.100064752585974,0.380350265378856
2.14081861525992,0.401638717635243,0.300112035282503,0.600717675886191,0.363263348366363,0.701414109347495,0,0.100202015621071,0,0,0.363263348366363,0,0.798330812980993,0.100064752585974,0.380350265378856
2.15450838091963,0.401638717635243,0.300112035282503,0.600717675886191,0.363165007783975,0.701414109347495,0,0.100202015621071,0,0,0.363165007783975,0,0.798330812980993,0.100064752585974,0.380350265378856
2.16819814657934,0.401638717635243,0.300112035282503,0.600717675886191,0.363010268787711,0.701414109347495,0,0.100202015621071,0,0,0.363010268787711,0,0.798330812980993,0.100064752585974,0.380350265378856
2.18188791223905,0.401638717635243,0.300112035282503,0.600717675886191,0.362799203494509,0.701414109347495,0,0.100202015621071,0,0,0.362799203494509,0,0.798330812980993,0.100064752585974,0.380350265378856
2.19557767789875,0.401638717635243,0.300112035282503,0.600717675886191,0.362531910239424,0.701414109347495,0,0.100202015621071,0,0,0.362531910239424,0,0.798330812980993,0.100064752585974,0.380350265378856
2.20926744355846,0.401638717635243,0.300112035282503,0.600717675886191,0.362208513499275,0.701414109347495,0,0.100202015621071,0,0,0.362208513499275,0,0.798330812980993,0.100064752585974,0.380350265378856
2.22295720921817,0.401638717635243,0.300112035282503,0.600717675886191,0.36182916379604,0.701414109347495,0,0.100202015621071,0,0,0.36182916379604,0,0.798330812980993,0.100064752585974,0.380350265378856
2.23664697487788,0.401638717635243,0.300112035282503,0.600717675886191,0.361394037580091,0.701414109347495,0,0.100202015621071,0,0,0.361394037580091,0,0.798330812980993,0.100064752585974,0.380350265378856
2.25033674053759,0.401638717635243,0.300112035282503,0.600717675886191,0.360903337093416,0.701414109347495,0,0.100202015621071,0,0,0.360903337093416,0,0.798330812980993,0.100064752585974,0.380350265378856
2.26402650619729,0.401638717635243,0.300112035282503,0.600717675886191,0.36035729021296,0.701414109347495,0,0.100202015621071,0,0,0.36035729021296,0,0.798330812980993,0.100064752585974,0.380350265378856
2.277716271857,0.401638717635243,0.300112035282503,0.600717675886191,0.359756150274262,0.701414109347495,0,0.100202015621071,0,0,0.359756150274262,0,0.798330812980993,0.100064752585974,0.380350265378856
2.29140603751671,0.401638717635243,0.300112035282503,0.600717675886191,0.359100195875578,0.701414109347495,0,0.100202015621071,0,0,0.359100195875578,0,0.798330812980993,0.100064752585974,0.380350265378856
2.30509580317642,0.401638717635243,0.300112035282503,0.600717675886191,0.358389730662697,0.701414109347495,0,0.100202015621071,0,0,0.358389730662697,0,0.798330812980993,0.100064752585974,0.380350265378856
2.31878556883612,0.401638717635243,0.300112035282503,0.600717675886191,0.357625083094701,0.701414109347495,0,0.100202015621071,0,0,0.357625083094701,0,0.798330812980993,0.100064752585974,0.380350265378856
2.33247533449583,0.401638717635243,0.300112035282503,0.600717675886191,0.356806606190889,0.701414109347495,0,0.100202015621071,0,0,0.356806606190889,0,0.798330812980993,0.100064752585974,0.380350265378856
2.34616510015554,0.401638717635243,0.300112035282503,0.600717675886191,0.355934677259173,0.701414109347495,0,0.100202015621071,0,0,0.355934677259173,0,0.798330812980993,0.100064752585974,0.380350265378856
2.35985486581525,0.401638717635243,0.300112035282503,0.600717675886191,0.355009697606217,0.701414109347495,0,0.100202015621071,0,0,0.355009697606217,0,0.798330812980993,0.100064752585974,0.380350265378856
2.37354463147496,0.401638717635243,0.300112035282503,0.600717675886191,0.354032092229634,0.701414109347495,0,0.100202015621071,0,0,0.354032092229634,0,0.798330812980993,0.100064752585974,0.380350265378856
2.38723439713467,0.401638717635243,0.300112035282503,0.600717675886191,0.353002309492581,0.701414109347495,0,0.100202015621071,0,0,0.353002309492581,0,0.798330812980993,0.100064752585974,0.380350265378856
2.40092416279437,0.401638717635243,0.300112035282503,0.600717675886191,0.351920820781086,0.701414109347495,0,0.100202015621071,0,0,0.351920820781086,0,0.798330812980993,0.100064752585974,0.380350265378856
2.41461392845408,0.401638717635243,0.300112035282503,0.600717675886191,0.350788120144488,0.701414109347495,0,0.100202015621071,0,0,0.350788120144488,0,0.798330812980993,0.100064752585974,0.380350265378856
2.42830369411379,0.401638717635243,0.300112035282503,0.600717675886191,0.349604723919363,0.701414109347495,0,0.100202015621071,0,0,0.349604723919363,0,0.798330812980993,0.100064752585974,0.380350265378856
2.4419934597735,0.401638717635243,0.300112035282503,0.600717675886191,0.348371170337341,0.701414109347495,0,0.100202015621071,0,0,0.348371170337341,0,0.798330812980993,0.100064752585974,0.380350265378856
2.4556832254332,0.401638717635243,0.300112035282503,0.600717675886191,0.347088019117236,0.701414109347495,0,0.100202015621071,0,0,0.347088019117236,0,0.798330812980993,0.100064752585974,0.380350265378856
2.46937299109291,0.401638717635243,0.300112035282503,0.600717675886191,0.345755851041911,0.701414109347495,0,0.100202015621071,0,0,0.345755851041911,0,0.798330812980993,0.100064752585974,0.380350265378856
2.48306275675262,0.401638717635243,0.300112035282503,0.600717675886191,0.344375267520333,0.701414109347495,0,0.100202015621071,0,0,0.344375267520333,0,0.798330812980993,0.100064752585974,0.380350265378856
2.49675252241233,0.401638717635243,0.300112035282503,0.600717675886191,0.342946890135278,0.701414109347495,0,0.100202015621071,0,0,0.342946890135278,0,0.798330812980993,0.100064752585974,0.380350265378856
2.51044228807204,0,0.160059752150668,0.480574140708952,0.341471360177163,0.200404031242142,0,0,0,0,0.341471360177163,0,0,0,0.180165915179458
2.52413205373174,0,0.160059752150668,0.480574140708952,0.339949338164496,0.200404031242142,0,0,0,0,0.339949338164496,0,0,0,0.180165915179458
2.53782181939145,0,0.160059752150668,0.480574140708952,0.338381503351434,0.200404031242142,0,0,0,0,0.338381503351434,0,0,0,0.180165915179458
2.55151158505116,0,0.160059752150668,0.480574140708952,0.336768553222985,0.200404031242142,0,0,0,0,0.336768553222985,0,0,0,0.180165915179458
2.56520135071087,0,0.160059752150668,0.480574140708952,0.335111202978356,0.200404031242142,0,0,0,0,0.335111202978356,0,0,0,0.180165915179458
2.57889111637058,0,0.160059752150668,0.480574140708952,0.33341018500299,0.200404031242142,0,0,0,0,0.33341018500299,0,0,0,0.180165915179458
2.59258088203028,0,0.160059752150668,0.480574140708952,0.331666248329853,0.200404031242142,0,0,0,0,0.331666248329853,0,0,0,0.180165915179458
2.60627064768999,0,0.160059752150668,0.480574140708952,0.329880158090488,0.200404031242142,0,0,0,0,0.329880158090488,0,0,0,0.180165915179458
2.6199604133497,0,0.160059752150668,0.480574140708952,0.328052694956448,0.200404031242142,0,0,0,0,0.328052694956448,0,0,0,0.180165915179458
2.63365017900941,0,0.160059752150668,0.480574140708952,0.326184654571625,0.200404031242142,0,0,0,0,0.326184654571625,0,0,0,0.180165915179458
2.64733994466912,0,0.160059752150668,0.480574140708952,0.324276846976097,0.200404031242142,0,0,0,0,0.324276846976097,0,0,0,0.180165915179458
2.66102971032882,0,0.160059752150668,0.480574140708952,0.322330096022045,0.200404031242142,0,0,0,0,0.322330096022045,0,0,0,0.180165915179458
2.67471947598853,0,0.160059752150668,0.480574140708952,0.320345238782348,0.200404031242142,0,0,0,0,0.320345238782348,0,0,0,0.180165915179458
2.68840924164824,0,0.160059752150668,0.480574140708952,0.318323124952434,0.200404031242142,0,0,0,0,0.318323124952434,0,0,0,0.180165915179458
2.70209900730795,0,0.160059752150668,0.480574140708952,0.316264616245991,0.200404031242142,0,0,0,0,0.316264616245991,0,0,0,0.180165915179458
2.71578877296765,0,0.160059752150668,0.480574140708952,0.314170585785141,0.200404031242142,0,0,0,0,0.314170585785141,0,0,0,0.180165915179458
2.72947853862736,0,0.160059752150668,0.480574140708952,0.312041917485667,0.200404031242142,0,0,0,0,0.312041917485667,0,0,0,0.180165915179458
2.74316830428707,0,0.160059752150668,0.480574140708952,0.309879505437911,0.200404031242142,0,0,0,0,0.309879505437911,0,0,0,0.180165915179458
2.75685806994678,0,0.160059752150668,0.480574140708952,0.307684253283932,0.200404031242142,0,0,0,0,0.307684253283932,0,0,0,0.180165915179458
2.77054783560649,0,0.160059752150668,0.480574140708952,0.305457073591541,0.200404031242142,0,0,0,0,0.305457073591541,0,0,0,0.180165915179458
2.78423760126619,0,0.160059752150668,0.480574140708952,0.303198887225807,0.200404031242142,0,0,0,0,0.303198887225807,0,0,0,0.180165915179458
2.7979273669259,0,0.160059752150668,0.480574140708952,0.300910622718646,0.200404031242142,0,0,0,0,0.300910622718646,0,0,0,0.180165915179458
2.81161713258561,0,0.160059752150668,0.480574140708952,0.298593215637076,0.200404031242142,0,0,0,0,0.298593215637076,0,0,0,0.180165915179458
2.82530689824532,0,0.160059752150668,0.480574140708952,0.296247607950754,0.200404031242142,0,0,0,0,0.296247607950754,0,0,0,0.180165915179458
2.83899666390503,0,0.160059752150668,0.480574140708952,0.293874747399376,0.200404031242142,0,0,0,0,0.293874747399376,0,0,0,0.180165915179458
2.85268642956473,0,0.160059752150668,0.480574140708952,0.291475586860528,0.200404031242142,0,0,0,0,0.291475586860528,0,0,0,0.180165915179458
2.86637619522444,0,0.160059752150668,0.480574140708952,0.28905108371858,0.200404031242142,0,0,0,0,0.28905108371858,0,0,0,0.180165915179458
2.88006596088415,0,0.160059752150668,0.480574140708952,0.28660219923519,0.200404031242142,0,0,0,0,0.28660219923519,0,0,0,0.180165915179458
2.89375572654386,0,0.160059752150668,0.480574140708952,0.284129897922005,0.200404031242142,0,0,0,0,0.284129897922005,0,0,0,0.180165915179458
2.90744549220357,0,0.160059752150668,0.480574140708952,0.281635146916098,0.200404031242142,0,0,0,0,0.281635146916098,0,0,0,0.180165915179458
2.92113525786327,0,0.160059752150668,0.480574140708952,0.279118915358731,0.200404031242142,0,0,0,0,0.279118915358731,0,0,0,0.180165915179458
2.93482502352298,0,0.160059752150668,0.480574140708952,0.276582173777954,0.200404031242142,0,0,0,0,0.276582173777954,0,0,0,0.180165915179458
2.94851478918269,0,0.160059752150668,0.480574140708952,0.274025893475619,0.200404031242142,0,0,0,0,0.274025893475619,0,0,0,0.180165915179458
2.9622045548424,0,0.160059752150668,0.480574140708952,0.271451045919307,0.200404031242142,0,0,0,0,0.271451045919307,0,0,0,0.180165915179458
2.97589432050211,0,0.160059752150668,0.480574140708952,0.268858602139698,0.200404031242142,0,0,0,0,0.268858602139698,0,0,0,0.180165915179458
2.98958408616181,0,0.160059752150668,0.480574140708952,0.266249532133908,0.200404031242142,0,0,0,0,0.266249532133908,0,0,0,0.180165915179458
3.00327385182152,0,0.100037345094168,0.200239225295397,0.263624804275259,0,0,0,0,0,0.263624804275259,0,0,0,0
3.01696361748123,0,0.100037345094168,0.200239225295397,0.260985384730004,0,0,0,0,0,0.260985384730004,0,0,0,0
3.03065338314094,0,0.100037345094168,0.200239225295397,0.258332236881452,0,0,0,0,0,0.258332236881452,0,0,0,0
3.04434314880064,0,0.100037345094168,0.200239225295397,0.255666320761966,0,0,0,0,0,0.255666320761966,0,0,0,0
3.05803291446035,0,0.100037345094168,0.200239225295397,0.252988592493293,0,0,0,0,0,0.252988592493293,0,0,0,0
3.07172268012006,0,0.100037345094168,0.200239225295397,0.25030000373563,0,0,0,0,0,0.25030000373563,0,0,0,0
3.08541244577977,0,0.100037345094168,0.200239225295397,0.247601501145889,0,0,0,0,0,0.247601501145889,0,0,0,0
3.09910221143948,0,0.100037345094168,0.200239225295397,0.244894025845523,0,0,0,0,0,0.244894025845523,0,0,0,0
3.11279197709918,0,0.100037345094168,0.200239225295397,0.242178512898338,0,0,0,0,0,0.242178512898338,0,0,0,0
3.12648174275889,0,0.100037345094168,0.200239225295397,0.239455890798657,0,0,0,0,0,0.239455890798657,0,0,0,0
3.1401715084186,0,0.100037345094168,0.200239225295397,0.236727080970187,0,0,0,0,0,0.236727080970187,0,0,0,0
3.15386127407831,0,0.100037345094168,0.200239225295397,0.233992997275955,0,0,0,0,0,0.233992997275955,0,0,0,0
3.16755103973802,0,0.100037345094168,0.200239225295397,0.231254545539623,0,0,0,0,0,0.231254545539623,0,0,0,0
3.18124080539772,0,0.100037345094168,0.200239225295397,0.228512623078509,0,0,0,0,0,0.228512623078509,0,0,0,0
3.19493057105743,0,0.100037345094168,0.200239225295397,0.225768118248611,0,0,0,0,0,0.225768118248611,0,0,0,0
3.20862033671714,0,0.100037345094168,0.200239225295397,0.223021910001907,0,0,0,0,0,0.223021910001907,0,0,0,0
3.22231010237685,0,0.100037345094168,0.200239225295397,0.220274867456204,0,0,0,0,0,0.220274867456204,0,0,0,0
3.23599986803656,0,0.100037345094168,0.200239225295397,0.217527849477778,0,0,0,0,0,0.217527849477778,0,0,0,0
3.24968963369626,0,0.100037345094168,0.200239225295397,0.214781704277046,0,0,0,0,0,0.214781704277046,0,0,0,0
3.26337939935597,0,0.100037345094168,0.200239225295397,0.212037269017466,0,0,0,0,0,0.212037269017466,0,0,0,0
3.27706916501568,0,0.100037345094168,0.200239225295397,0.209295369437888,0,0,0,0,0,0.209295369437888,0,0,0,0
3.29075893067539,0,0.100037345094168,0.200239225295397,0.206556819488504,0,0,0,0,0,0.206556819488504,0,0,0,0
3.30444869633509,0,0.100037345094168,0.200239225295397,0.203822420980598,0,0,0,0,0,0.203822420980598,0,0,0,0
3.3181384619948,0,0.100037345094168,0.200239225295397,0.201092963250209,0,0,0,0,0,0.201092963250209,0,0,0,0
3.33182822765451,0,0.100037345094168,0.200239225295397,0.198369222835849,0,0,0,0,0,0.198369222835849,0,0,0,0
3.34551799331422,0,0.100037345094168,0.200239225295397,0.195651963170402,0,0,0,0,0,0.195651963170402,0,0,0,0
3.35920775897393,0,0.100037345094168,0.200239225295397,0.192941934287271,0,0,0,0,0,0.192941934287271,0,0,0,0
3.37289752463363,0,0.100037345094168,0.200239225295397,0.19023987254088,0,0,0,0,0,0.19023987254088,0,0,0,0
3.38658729029334,0,0.100037345094168,0.200239225295397,0.187546500341576,0,0,0,0,0,0.187546500341576,0,0,0,0
3.40027705595305,0,0.100037345094168,0.200239225295397,0.184862525904978,0,0,0,0,0,0.184862525904978,0,0,0,0
3.41396682161276,0,0.100037345094168,0.200239225295397,0.18218864301582,0,0,0,0,0,0.18218864301582,0,0,0,0
3.42765658727247,0,0.100037345094168,0.200239225295397,0.17952553080627,0,0,0,0,0,0.17952553080627,0,0,0,0
3.44134635293217,0,0.100037345094168,0.200239225295397,0.176873853548759,0,0,0,0,0,0.176873853548759,0,0,0,0
3.45503611859188,0,0.100037345094168,0.200239225295397,0.17423426046327,0,0,0,0,0,0.17423426046327,0,0,0,0
3.46872588425159,0,0.100037345094168,0.200239225295397,0.171607385539082,0,0,0,0,0,0.171607385539082,0,0,0,0
3.4824156499113,0,0.100037345094168,0.200239225295397,0.16899384737089,0,0,0,0,0,0.16899384737089,0,0,0,0
3.49610541557101,0,0.100037345094168,0.200239225295397,0.166394249009275,0,0,0,0,0,0.166394249009275,0,0,0,0
3.50979518123071,0,0.0200074690188335,0.0800956901181587,0.163809177825404,0,0,0,0,0,0.163809177825404,0,0,0,0
3.52348494689042,0,0.0200074690188335,0.0800956901181587,0.161239205389911,0,0,0,0,0,0.161239205389911,0,0,0,0
3.53717471255013,0,0.0200074690188335,0.0800956901181587,0.158684887365819,0,0,0,0,0,0.158684887365819,0,0,0,0
3.55086447820984,0,0.0200074690188335,0.0800956901181587,0.156146763415399,0,0,0,0,0,0.156146763415399,0,0,0,0
3.56455424386955,0,0.0200074690188335,0.0800956901181587,0.153625357120839,0,0,0,0,0,0.153625357120839,0,0,0,0
3.57824400952925,0,0.0200074690188335,0.0800956901181587,0.151121175918564,0,0,0,0,0,0.151121175918564,0,0,0,0
3.59193377518896,0,0.0200074690188335,0.0800956901181587,0.148634711047052,0,0,0,0,0,0.148634711047052,0,0,0,0
3.60562354084867,0,0.0200074690188335,0.0800956901181587,0.146166437507996,0,0,0,0,0,0.146166437507996,0,0,0,0
3.61931330650838,0,0.0200074690188335,0.0800956901181587,0.143716814040592,0,0,0,0,0,0.143716814040592,0,0,0,0
3.63300307216808,0,0.0200074690188335,0.0800956901181587,0.141286283108808,0,0,0,0,0,0.141286283108808,0,0,0,0
3.64669283782779,0,0.0200074690188335,0.0800956901181587,0.138875270901381,0,0,0,0,0,0.138875270901381,0,0,0,0
3.6603826034875,0,0.0200074690188335,0.0800956901181587,0.136484187344377,0,0,0,0,0,0.136484187344377,0,0,0,0
3.67407236914721,0,0.0200074690188335,0.0800956901181587,0.134113426126045,0,0,0,0,0,0.134113426126045,0,0,0,0
3.68776213480692,0,0.0200074690188335,0.0800956901181587,0.131763364733771,0,0,0,0,0,0.131763364733771,0,0,0,0
3.70145190046662,0,0.0200074690188335,0.0800956901181587,0.129434364502859,0,0,0,0,0,0.129434364502859,0,0,0,0
3.71514166612633,0,0.0200074690188335,0.0800956901181587,0.12712677067691,0,0,0,0,0,0.12712677067691,0,0,0,0
3.72883143178604,0,0.0200074690188335,0.0800956901181587,0.124840912479527,0,0,0,0,0,0.124840912479527,0,0,0,0
3.74252119744575,0,0.0200074690188335,0.0800956901181587,0.122577103197088,0,0,0,0,0,0.122577103197088,0,0,0,0
3.75621096310546,0,0.0200074690188335,0.0800956901181587,0.120335640272302,0,0,0,0,0,0.120335640272302,0,0,0,0
3.76990072876516,0,0.0200074690188335,0.0800956901181587,0.118116805408287,0,0,0,0,0,0.118116805408287,0,0,0,0
3.78359049442487,0,0.0200074690188335,0.0800956901181587,0.115920864682856,0,0,0,0,0,0.115920864682856,0,0,0,0
3.79728026008458,0,0.0200074690188335,0.0800956901181587,0.113748068672747,0,0,0,0,0,0.113748068672747,0,0,0,0
3.81097002574429,0,0.0200074690188335,0.0800956901181587,0.11159865258748,0,0,0,0,0,0.11159865258748,0,0,0,0
3.824659791404,0,0.0200074690188335,0.0800956901181587,0.109472836412543,0,0,0,0,0,0.109472836412543,0,0,0,0
3.8383495570637,0,0.0200074690188335,0.0800956901181587,0.107370825061601,0,0,0,0,0,0.107370825061601,0,0,0,0
3.85203932272341,0,0.0200074690188335,0.0800956901181587,0.105292808537422,0,0,0,0,0,0.105292808537422,0,0,0,0
3.86572908838312,0,0.0200074690188335,0.0800956901181587,0.103238962101194,0,0,0,0,0,0.103238962101194,0,0,0,0
3.87941885404283,0,0.0200074690188335,0.0800956901181587,0.101209446449927,0,0,0,0,0,0.101209446449927,0,0,0,0
3.89310861970253,0,0.0200074690188335,0.0800956901181587,0.099204407901609,0,0,0,0,0,0.099204407901609,0,0,0,0
3.90679838536224,0,0.0200074690188335,0.0800956901181587,0.0972239785878041,0,0,0,0,0,0.0972239785878041,0,0,0,0
3.92048815102195,0,0.0200074690188335,0.0800956901181587,0.0952682766533623,0,0,0,0,0,0.0952682766533623,0,0,0,0
3.93417791668166,0,0.0200074690188335,0.0800956901181587,0.0933374064629175,0,0,0,0,0,0.0933374064629175,0,0,0,0
3.94786768234137,0,0.0200074690188335,0.0800956901181587,0.0914314588138462,0,0,0,0,0,0.0914314588138462,0,0,0,0
3.96155744800107,0,0.0200074690188335,0.0800956901181587,0.0895505111553636,0,0,0,0,0,0.0895505111553636,0,0,0,0
3.97524721366078,0,0.0200074690188335,0.0800956901181587,0.0876946278134272,0,0,0,0,0,0.0876946278134272,0,0,0,0
3.98893697932049,0,0.0200074690188335,0.0800956901181587,0.0858638602211237,0,0,0,0,0,0.0858638602211237,0,0,0,0
4.0026267449802,0,0,0,0.0840582471542128,0,0,0,0,0,0.0840582471542128,0,0,0,0
4.01631651063991,0,0,0,0.0822778149715046,0,0,0,0,0,0.0822778149715046,0,0,0,0
4.03000627629961,0,0,0,0.0805225778597471,0,0,0,0,0,0.0805225778597471,0,0,0,0
4.04369604195932,0,0,0,0.0787925380827038,0,0,0,0,0,0.0787925380827038,0,0,0,0
4.05738580761903,0,0,0,0.0770876862341016,0,0,0,0,0,0.0770876862341016,0,0,0,0
4.07107557327874,0,0,0,0.075408001494135,0,0,0,0,0,0.075408001494135,0,0,0,0
4.08476533893845,0,0,0,0.0737534518892125,0,0,0,0,0,0.0737534518892125,0,0,0,0
4.09845510459815,0,0,0,0.0721239945546347,0,0,0,0,0,0.0721239945546347,0,0,0,0
4.11214487025786,0,0,0,0.0705195759998998,0,0,0,0,0,0.0705195759998998,0,0,0,0
4.12583463591757,0,0,0,0.0689401323763329,0,0,0,0,0,0.0689401323763329,0,0,0,0
4.13952440157728,0,0,0,0.0673855897467418,0,0,0,0,0,0.0673855897467418,0,0,0,0
4.15321416723699,0,0,0,0.0658558643568049,0,0,0,0,0,0.0658558643568049,0,0,0,0
4.16690393289669,0,0,0,0.0643508629079021,0,0,0,0,0,0.0643508629079021,0,0,0,0
4.1805936985564,0,0,0,0.062870482831106,0,0,0,0,0,0.062870482831106,0,0,0,0
4.19428346421611,0,0,0,0.0614146125620527,0,0,0,0,0,0.0614146125620527,0,0,0,0
4.20797322987582,0,0,0,0.0599831318164207,0,0,0,0,0,0.0599831318164207,0,0,0,0
4.22166299553552,0,0,0,0.0585759118657479,0,0,0,0,0,0.0585759118657479,0,0,0,0
4.23535276119523,0,0,0,0.0571928158133261,0,0,0,0,0,0.0571928158133261,0,0,0,0
4.24904252685494,0,0,0,0.0558336988699167,0,0,0,0,0,0.0558336988699167,0,0,0,0
4.26273229251465,0,0,0,0.0544984086290381,0,0,0,0,0,0.0544984086290381,0,0,0,0
4.27642205817436,0,0,0,0.05318678534158,0,0,0,0,0,0.05318678534158,0,0,0,0
4.29011182383406,0,0,0,0.0518986621895087,0,0,0,0,0,0.0518986621895087,0,0,0,0
4.30380158949377,0,0,0,0.0506338655584333,0,0,0,0,0,0.0506338655584333,0,0,0,0
4.31749135515348,0,0,0,0.0493922153088082,0,0,0,0,0,0.0493922153088082,0,0,0,0
4.33118112081319,0,0,0,0.0481735250455552,0,0,0,0,0,0.0481735250455552,0,0,0,0
4.3448708864729,0,0,0,0.0469776023858959,0,0,0,0,0,0.0469776023858959,0,0,0,0
4.3585606521326,0,0,0,0.0458042492251922,0,0,0,0,0,0.0458042492251922,0,0,0,0
4.37225041779231,0,0,0,0.0446532620005974,0,0,0,0,0,0.0446532620005974,0,0,0,0
4.38594018345202,0,0,0,0.0435244319523313,0,0,0,0,0,0.0435244319523313,0,0,0,0
4.39962994911173,0,0,0,0.042417545382397,0,0,0,0,0,0.042417545382397,0,0,0,0
4.41331971477144,0,0,0,0.0413323839105657,0,0,0,0,0,0.0413323839105657,0,0,0,0
4.42700948043114,0,0,0,0.0402687247274644,0,0,0,0,0,0.0402687247274644,0,0,0,0
4.44069924609085,0,0,0,0.0392263408446039,0,0,0,0,0,0.0392263408446039,0,0,0,0
4.45438901175056,0,0,0,0.0382050013411987,0,0,0,0,0,0.0382050013411987,0,0,0,0
4.46807877741027,0,0,0,0.0372044716076318,0,0,0,0,0,0.0372044716076318,0,0,0,0
4.48176854306998,0,0,0,0.0362245135854293,0,0,0,0,0,0.0362245135854293,0,0,0,0
4.49545830872968,0,0,0,0.0352648860036125,0,0,0,0,0,0.0352648860036125,0,0,0,0
4.50914807438939,0,0,0,0.0343253446113063,0,0,0,0,0,0.0343253446113063,0,0,0,0
4.5228378400491,0,0,0,0.0334056424064888,0,0,0,0,0,0.0334056424064888,0,0,0,0
4.53652760570881,0,0,0,0.0325055298607725,0,0,0,0,0,0.0325055298607725,0,0,0,0
4.55021737136851,0,0,0,0.0316247551401177,0,0,0,0,0,0.0316247551401177,0,0,0,0
4.56390713702822,0,0,0,0.0307630643213825,0,0,0,0,0,0.0307630643213825,0,0,0,0
4.57759690268793,0,0,0,0.0299202016046232,0,0,0,0,0,0.0299202016046232,0,0,0,0
4.59128666834764,0,0,0,0.0290959095210655,0,0,0,0,0,0.0290959095210655,0,0,0,0
4.60497643400735,0,0,0,0.0282899291366718,0,0,0,0,0,0.0282899291366718,0,0,0,0
4.61866619966705,0,0,0,0.027502000251239,0,0,0,0,0,0.027502000251239,0,0,0,0
4.63235596532676,0,0,0,0.0267318615929675,0,0,0,0,0,0.0267318615929675,0,0,0,0
4.64604573098647,0,0,0,0.0259792510084459,0,0,0,0,0,0.0259792510084459,0,0,0,0
4.65973549664618,0,0,0,0.0252439056480067,0,0,0,0,0,0.0252439056480067,0,0,0,0
4.67342526230589,0,0,0,0.0245255621464102,0,0,0,0,0,0.0245255621464102,0,0,0,0
4.68711502796559,0,0,0,0.0238239567988244,0,0,0,0,0,0.0238239567988244,0,0,0,0
4.7008047936253,0,0,0,0.0231388257320695,0,0,0,0,0,0.0231388257320695,0,0,0,0
4.71449455928501,0,0,0,0.0224699050711064,0,0,0,0,0,0.0224699050711064,0,0,0,0
4.72818432494472,0,0,0,0.0218169311007517,0,0,0,0,0,0.0218169311007517,0,0,0,0
4.74187409060443,0,0,0,0.0211796404226076,0,0,0,0,0,0.0211796404226076,0,0,0,0
4.75556385626413,0,0,0,0.0205577701072011,0,0,0,0,0,0.0205577701072011,0,0,0,0
4.76925362192384,0,0,0,0.0199510578413314,0,0,0,0,0,0.0199510578413314,0,0,0,0
4.78294338758355,0,0,0,0.0193592420706315,0,0,0,0,0,0.0193592420706315,0,0,0,0
4.79663315324326,0,0,0,0.0187820621373512,0,0,0,0,0,0.0187820621373512,0,0,0,0
4.81032291890296,0,0,0,0.0182192584133786,0,0,0,0,0,0.0182192584133786,0,0,0,0
4.82401268456267,0,0,0,0.0176705724285169,0,0,0,0,0,0.0176705724285169,0,0,0,0
4.83770245022238,0,0,0,0.017135746994042,0,0,0,0,0,0.017135746994042,0,0,0,0
4.85139221588209,0,0,0,0.0166145263215667,0,0,0,0,0,0.0166145263215667,0,0,0,0
4.8650819815418,0,0,0,0.0161066561372468,0,0,0,0,0,0.0161066561372468,0,0,0,0
4.8787717472015,0,0,0,0.015611883791361,0,0,0,0,0,0.015611883791361,0,0,0,0
4.89246151286121,0,0,0,0.0151299583633089,0,0,0,0,0,0.0151299583633089,0,0,0,0
4.90615127852092,0,0,0,0.0146606307620683,0,0,0,0,0,0.0146606307620683,0,0,0,0
4.91984104418063,0,0,0,0.0142036538221591,0,0,0,0,0,0.0142036538221591,0,0,0,0
4.93353080984034,0,0,0,0.0137587823951656,0,0,0,0,0,0.0137587823951656,0,0,0,0
4.94722057550004,0,0,0,0.0133257734368701,0,0,0,0,0,0.0133257734368701,0,0,0,0
4.96091034115975,0,0,0,0.0129043860900549,0,0,0,0,0,0.0129043860900549,0,0,0,0
4.97460010681946,0,0,0,0.0124943817630318,0,0,0,0,0,0.0124943817630318,0,0,0,0
4.98828987247917,0,0,0,0.0120955242039629,0,0,0,0,0,0.0120955242039629,0,0,0,0
5.00197963813888,0,0,0,0.0117075795710357,0,0,0,0,0,0.0117075795710357,0,0,0,0
5.01566940379858,0,0,0,0.0113303164985614,0,0,0,0,0,0.0113303164985614,0,0,0,0
5.02935916945829,0,0,0,0.010963506159065,0,0,0,0,0,0.010963506159065,0,0,0,0
5.043048935118,0,0,0,0.0106069223214396,0,0,0,0,0,0.0106069223214396,0,0,0,0
5.05673870077771,0,0,0,0.0102603414052367,0,0,0,0,0,0.0102603414052367,0,0,0,0
5.07042846643741,0,0,0,0.00992354253117009,0,0,0,0,0,0.00992354253117009,0,0,0,0
5.08411823209712,0,0,0,0.00959630756790852,0,0,0,0,0,0.00959630756790852,0,0,0,0
5.09780799775683,0,0,0,0.0092784211752359,0,0,0,0,0,0.0092784211752359,0,0,0,0
5.11149776341654,0,0,0,0.00896967084365886,0,0,0,0,0,0.00896967084365886,0,0,0,0
5.12518752907625,0,0,0,0.0086698469305423,0,0,0,0,0,0.0086698469305423,0,0,0,0
5.13887729473595,0,0,0,0.00837874269285498,0,0,0,0,0,0.00837874269285498,0,0,0,0
5.15256706039566,0,0,0,0.0080961543166078,0,0,0,0,0,0.0080961543166078,0,0,0,0
5.16625682605537,0,0,0,0.00782188094306832,0,0,0,0,0,0.00782188094306832,0,0,0,0
5.17994659171508,0,0,0,0.00755572469183567,0,0,0,0,0,0.00755572469183567,0,0,0,0
5.19363635737479,0,0,0,0.0072974906808609,0,0,0,0,0,0.0072974906808609,0,0,0,0
5.20732612303449,0,0,0,0.00704698704349753,0,0,0,0,0,0.00704698704349753,0,0,0,0
5.2210158886942,0,0,0,0.00680402494266775,0,0,0,0,0,0.00680402494266775,0,0,0,0
5.23470565435391,0,0,0,0.0065684185822302,0,0,0,0,0,0.0065684185822302,0,0,0,0
5.24839542001362,0,0,0,0.00633998521563448,0,0,0,0,0,0.00633998521563448,0,0,0,0
5.26208518567333,0,0,0,0.00611854515194849,0,0,0,0,0,0.00611854515194849,0,0,0,0
5.27577495133303,0,0,0,0.0059039217593436,0,0,0,0,0,0.0059039217593436,0,0,0,0
5.28946471699274,0,0,0,0.00569594146612324,0,0,0,0,0,0.00569594146612324,0,0,0,0
5.30315448265245,0,0,0,0.00549443375937941,0,0,0,0,0,0.00549443375937941,0,0,0,0
5.31684424831216,0,0,0,0.00529923118136192,0,0,0,0,0,0.00529923118136192,0,0,0,0
5.33053401397187,0,0,0,0.00511016932364386,0,0,0,0,0,0.00511016932364386,0,0,0,0
5.34422377963157,0,0,0,0.00492708681916699,0,0,0,0,0,0.00492708681916699,0,0,0,0
5.35791354529128,0,0,0,0.00474982533224927,0,0,0,0,0,0.00474982533224927,0,0,0,0
5.37160331095099,0,0,0,0.00457822954663668,0,0,0,0,0,0.00457822954663668,0,0,0,0
5.3852930766107,0,0,0,0.00441214715168019,0,0,0,0,0,0.00441214715168019,0,0,0,0
5.3989828422704,0,0,0,0.004251428826718,0,0,0,0,0,0.004251428826718,0,0,0,0
5.41267260793011,0,0,0,0.0040959282237422,0,0,0,0,0,0.0040959282237422,0,0,0,0
5.42636237358982,0,0,0,0.00394550194842792,0,0,0,0,0,0.00394550194842792,0,0,0,0
5.44005213924953,0,0,0,0.00380000953960196,0,0,0,0,0,0.00380000953960196,0,0,0,0
5.45374190490924,0,0,0,0.00365931344722693,0,0,0,0,0,0.00365931344722693,0,0,0,0
5.46743167056894,0,0,0,0.00352327900897519,0,0,0,0,0,0.00352327900897519,0,0,0,0
5.48112143622865,0,0,0,0.0033917744254666,0,0,0,0,0,0.0033917744254666,0,0,0,0
5.49481120188836,0,0,0,0.00326467073424151,0,0,0,0,0,0.00326467073424151,0,0,0,0
5.50850096754807,0,0,0,0.00314184178254043,0,0,0,0,0,0.00314184178254043,0,0,0,0
5.52219073320778,0,0,0,0.00302316419895951,0,0,0,0,0,0.00302316419895951,0,0,0,0
5.53588049886748,0,0,0,0.00290851736404985,0,0,0,0,0,0.00290851736404985,0,0,0,0
5.54957026452719,0,0,0,0.00279778337992754,0,0,0,0,0,0.00279778337992754,0,0,0,0
5.5632600301869,0,0,0,0.00269084703895922,0,0,0,0,0,0.00269084703895922,0,0,0,0
5.57694979584661,0,0,0,0.00258759579158715,0,0,0,0,0,0.00258759579158715,0,0,0,0
5.59063956150632,0,0,0,0.00248791971335592,0,0,0,0,0,0.00248791971335592,0,0,0,0
5.60432932716602,0,0,0,0.00239171147120129,0,0,0,0,0,0.00239171147120129,0,0,0,0
5.61801909282573,0,0,0,0.00229886628906058,0,0,0,0,0,0.00229886628906058,0,0,0,0
5.63170885848544,0,0,0,0.00220928191286181,0,0,0,0,0,0.00220928191286181,0,0,0,0
5.64539862414515,0,0,0,0.00212285857494811,0,0,0,0,0,0.00212285857494811,0,0,0,0
5.65908838980486,0,0,0,0.00203949895799134,0,0,0,0,0,0.00203949895799134,0,0,0,0
5.67277815546456,0,0,0,0.00195910815844822,0,0,0,0,0,0.00195910815844822,0,0,0,0
5.68646792112427,0,0,0,0.0018815936496099,0,0,0,0,0,0.0018815936496099,0,0,0,0
5.70015768678398,0,0,0,0.00180686524429512,0,0,0,0,0,0.00180686524429512,0,0,0,0
5.71384745244369,0,0,0,0.00173483505723467,0,0,0,0,0,0.00173483505723467,0,0,0,0
5.72753721810339,0,0,0,0.00166541746719409,0,0,0,0,0,0.00166541746719409,0,0,0,0
5.7412269837631,0,0,0,0.00159852907887937,0,0,0,0,0,0.00159852907887937,0,0,0,0
5.75491674942281,0,0,0,0.00153408868466929,0,0,0,0,0,0.00153408868466929,0,0,0,0
5.76860651508252,0,0,0,0.00147201722621612,0,0,0,0,0,0.00147201722621612,0,0,0,0
5.78229628074223,0,0,0,0.00141223775595527,0,0,0,0,0,0.00141223775595527,0,0,0,0
5.79598604640193,0,0,0,0.00135467539856241,0,0,0,0,0,0.00135467539856241,0,0,0,0
5.80967581206164,0,0,0,0.00129925731239575,0,0,0,0,0,0.00129925731239575,0,0,0,0
5.82336557772135,0,0,0,0.00124591265095899,0,0,0,0,0,0.00124591265095899,0,0,0,0
5.83705534338106,0,0,0,0.00119457252441949,0,0,0,0,0,0.00119457252441949,0,0,0,0
5.85074510904077,0,0,0,0.00114516996121444,0,0,0,0,0,0.00114516996121444,0,0,0,0
5.86443487470047,0,0,0,0.00109763986977651,0,0,0,0,0,0.00109763986977651,0,0,0,0
5.87812464036018,0,0,0,0.00105191900040904,0,0,0,0,0,0.00105191900040904,0,0,0,0
5.89181440601989,0,0,0,0.00100794590733924,0,0,0,0,0,0.00100794590733924,0,0,0,0
5.9055041716796,0,0,0,0.000965660910976943,0,0,0,0,0,0.000965660910976943,0,0,0,0
5.91919393733931,0,0,0,0.000925006060404462,0,0,0,0,0,0.000925006060404462,0,0,0,0
5.93288370299901,0,0,0,0.000885925096122393,0,0,0,0,0,0.000885925096122393,0,0,0,0
5.94657346865872,0,0,0,0.000848363413074474,0,0,0,0,0,0.000848363413074474,0,0,0,0
5.96026323431843,0,0,0,0.000812268023973597,0,0,0,0,0,0.000812268023973597,0,0,0,0
5.97395299997814,0,0,0,0.000777587522949618,0,0,0,0,0,0.000777587522949618,0,0,0,0
5.98764276563784,0,0,0,0.000744272049538608,0,0,0,0,0,0.000744272049538608,0,0,0,0
6.00133253129755,0,0,0,0.000712273253031759,0,0,0,0,0,0.000712273253031759,0,0,0,0
6.01502229695726,0,0,0,0.000681544257201212,0,0,0,0,0,0.000681544257201212,0,0,0,0
6.02871206261697,0,0,0,0.00065203962541877,0,0,0,0,0,0.00065203962541877,0,0,0,0
6.04240182827668,0,0,0,0.000623715326182476,0,0,0,0,0,0.000623715326182476,0,0,0,0
6.05609159393638,0,0,0,0.00059652869906486,0,0,0,0,0,0.00059652869906486,0,0,0,0
6.06978135959609,0,0,0,0.000570438421095712,0,0,0,0,0,0.000570438421095712,0,0,0,0
6.0834711252558,0,0,0,0.000545404473591095,0,0,0,0,0,0.000545404473591095,0,0,0,0
6.09716089091551,0,0,0,0.000521388109439475,0,0,0,0,0,0.000521388109439475,0,0,0,0
6.11085065657522,0,0,0,0.000498351820854745,0,0,0,0,0,0.000498351820854745,0,0,0,0
6.12454042223492,0,0,0,0.000476259307605104,0,0,0,0,0,0.000476259307605104,0,0,0,0
6.13823018789463,0,0,0,0.000455075445725751,0,0,0,0,0,0.000455075445725751,0,0,0,0
6.15191995355434,0,0,0,0.000434766256722606,0,0,0,0,0,0.000434766256722606,0,0,0,0
6.16560971921405,0,0,0,0.000415298877273318,0,0,0,0,0,0.000415298877273318,0,0,0,0
6.17929948487376,0,0,0,0.000396641529431064,0,0,0,0,0,0.000396641529431064,0,0,0,0
6.19298925053346,0,0,0,0.00037876349133589,0,0,0,0,0,0.00037876349133589,0,0,0,0
6.20667901619317,0,0,0,0.000361635068437523,0,0,0,0,0,0.000361635068437523,0,0,0,0
6.22036878185288,0,0,0,0.000345227565232943,0,0,0,0,0,0.000345227565232943,0,0,0,0
6.23405854751259,0,0,0,0.000329513257521211,0,0,0,0,0,0.000329513257521211,0,0,0,0
6.24774831317229,0,0,0,0.000314465365177515,0,0,0,0,0,0.000314465365177515,0,0,0,0
6.261438078832,0,0,0,0.000300058025447618,0,0,0,0,0,0.000300058025447618,0,0,0,0
6.27512784449171,0,0,0,0.000286266266763405,0,0,0,0,0,0.000286266266763405,0,0,0,0
6.28881761015142,0,0,0,0.000273065983079528,0,0,0,0,0,0.000273065983079528,0,0,0,0
6.30250737581113,0,0,0,0.000260433908730717,0,0,0,0,0,0.000260433908730717,0,0,0,0
6.31619714147083,0,0,0,0.000248347593808671,0,0,0,0,0,0.000248347593808671,0,0,0,0
6.32988690713054,0,0,0,0.000236785380057038,0,0,0,0,0,0.000236785380057038,0,0,0,0
6.34357667279025,0,0,0,0.000225726377282437,0,0,0,0,0,0.000225726377282437,0,0,0,0
6.35726643844996,0,0,0,0.000215150440279081,0,0,0,0,0,0.000215150440279081,0,0,0,0
6.37095620410967,0,0,0,0.000205038146264087,0,0,0,0,0,0.000205038146264087,0,0,0,0
6.38464596976937,0,0,0,0.000195370772820178,0,0,0,0,0,0.000195370772820178,0,0,0,0
6.39833573542908,0,0,0,0.000186130276342068,0,0,0,0,0,0.000186130276342068,0,0,0,0
6.41202550108879,0,0,0,0.000177299270982501,0,0,0,0,0,0.000177299270982501,0,0,0,0
6.4257152667485,0,0,0,0.000168861008093538,0,0,0,0,0,0.000168861008093538,0,0,0,0
6.43940503240821,0,0,0,0.000160799356158383,0,0,0,0,0,0.000160799356158383,0,0,0,0
6.45309479806791,0,0,0,0.000153098781208742,0,0,0,0,0,0.000153098781208742,0,0,0,0
6.46678456372762,0,0,0,0.000145744327722434,0,0,0,0,0,0.000145744327722434,0,0,0,0
6.48047432938733,0,0,0,0.000138721599995693,0,0,0,0,0,0.000138721599995693,0,0,0,0
6.49416409504704,0,0,0,0.000132016743984408,0,0,0,0,0,0.000132016743984408,0,0,0,0
6.50785386070675,0,0,0,0.000125616429608267,0,0,0,0,0,0.000125616429608267,0,0,0,0
6.52154362636645,0,0,0,0.000119507833511615,0,0,0,0,0,0.000119507833511615,0,0,0,0
6.53523339202616,0,0,0,0.000113678622274643,0,0,0,0,0,0.000113678622274643,0,0,0,0
6.54892315768587,0,0,0,0.000108116936068331,0,0,0,0,0,0.000108116936068331,0,0,0,0
6.56261292334558,0,0,0,0.00010281137274644,0,0,0,0,0,0.00010281137274644,0,0,0,0
6.57630268900528,0,0,0,9.77509723677158e-05,0,0,0,0,0,9.77509723677158e-05,0,0,0,0
6.58999245466499,0,0,0,9.2925202141314e-05,0,0,0,0,0,9.2925202141314e-05,0,0,0,0
6.6036822203247,0,0,0,8.83239417883865e-05,0,0,0,0,0,8.83239417883865e-05,0,0,0,0
6.61737198598441,0,0,0,8.39374693126438e-05,0,0,0,0,0,8.39374693126438e-05,0,0,0,0
6.63106175164412,0,0,0,7.97564471726517e-05,0,0,0,0,0,7.97564471726517e-05,0,0,0,0
6.64475151730382,0,0,0,7.57719088485367e-05,0,0,0,0,0,7.57719088485367e-05,0,0,0,0
6.65844128296353,0,0,0,7.19752457957286e-05,0,0,0,0,0,7.19752457957286e-05,0,0,0,0
6.67213104862324,0,0,0,6.83581947783158e-05,0,0,0,0,0,6.83581947783158e-05,0,0,0,0
6.68582081428295,0,0,0,6.49128255745727e-05,0,0,0,0,0,6.49128255745727e-05,0,0,0,0
6.69951057994266,0,0,0,6.16315290471756e-05,0,0,0,0,0,6.16315290471756e-05,0,0,0,0
6.71320034560236,0,0,0,5.850700557063e-05,0,0,0,0,0,5.850700557063e-05,0,0,0,0
6.72689011126207,0,0,0,5.55322538084173e-05,0,0,0,0,0,5.55322538084173e-05,0,0,0,0
6.74057987692178,0,0,0,5.2700559832386e-05,0,0,0,0,0,5.2700559832386e-05,0,0,0,0
6.75426964258149,0,0,0,5.00054865769196e-05,0,0,0,0,0,5.00054865769196e-05,0,0,0,0
6.7679594082412,0,0,0,4.74408636204464e-05,0,0,0,0,0,4.74408636204464e-05,0,0,0,0
6.7816491739009,0,0,0,4.50007772868766e-05,0,0,0,0,0,4.50007772868766e-05,0,0,0,0
6.79533893956061,0,0,0,4.26795610596054e-05,0,0,0,0,0,4.26795610596054e-05,0,0,0,0
