-9.20357518778097,3.2324311131965e-08,0.00725165184054572,0,0,0,0,0,0,0,0,0,0,0,2.08472159349912e-06
-9.18019696832094,3.45723645278836e-08,0.00725165184054572,0,0,0,0,0,0,0,0,0,0,0,2.08472159349912e-06
-9.15681874886092,3.69714160712809e-08,0.00725165184054572,0,0,0,0,0,0,0,0,0,0,0,2.08472159349912e-06
-9.13344052940089,3.95312259736421e-08,0.00725165184054572,0,0,0,0,0,0,0,0,0,0,0,2.08472159349912e-06
-9.11006230994086,4.22621588228531e-08,0.00725165184054572,0,0,0,0,0,0,0,0,0,0,0,2.08472159349912e-06
-9.08668409048083,4.51752192267863e-08,0.00725165184054572,0,0,0,0,0,0,0,0,0,0,0,2.08472159349912e-06
-9.0633058710208,4.82820894433206e-08,0.00725165184054572,0,0,0,0,0,0,0,0,0,0,0,2.08472159349912e-06
-9.03992765156077,5.15951691002624e-08,0.00725165184054572,0,0,0,0,0,0,0,0,0,0,0,2.08472159349912e-06
-9.01654943210074,5.51276171135659e-08,0.00725165184054572,0,0,0,0,0,0,0,0,0,0,0,2.08472159349912e-06
-8.99317121264071,5.88933959174366e-08,0.00725165184054572,0,0,0,0,0,0,0,0,0,0,0,2.08472159349912e-06
-8.96979299318068,6.2907318125266e-08,0.00725165184054572,0,0,0,0,0,0,0,0,0,0,0,2.08472159349912e-06
-8.94641477372065,6.71850957459635e-08,0.00725165184054572,0,0,0,0,0,0,0,0,0,0,0,2.08472159349912e-06
-8.92303655426062,7.17433920860937e-08,0.00725165184054572,0,0,0,0,0,0,0,0,0,0,0,2.08472159349912e-06
-8.89965833480059,7.65998764743155e-08,0.00725165184054572,0,0,0,0,0,0,0,0,0,0,0,2.08472159349912e-06
-8.87628011534056,8.17732819509513e-08,0.00725165184054572,0,0,0,0,0,0,0,0,0,0,0,2.08472159349912e-06
-8.85290189588053,8.72834660721314e-08,0.00725165184054572,0,0,0,0,0,0,0,0,0,0,0,2.08472159349912e-06
-8.82952367642051,9.31514749848048e-08,0.00725165184054572,0,0,0,0,0,0,0,0,0,0,0,2.08472159349912e-06
-8.80614545696048,9.93996109360692e-08,0.00725165184054572,0,0,0,0,0,0,0,0,0,0,0,2.08472159349912e-06
-8.78276723750045,1.06051503387703e-07,0.00725165184054572,0,0,0,0,0,0,0,0,0,0,0,2.08472159349912e-06
-8.75938901804042,1.13132183914507e-07,0.00725165184054572,0,0,0,0,0,0,0,0,0,0,0,2.08472159349912e-06
-8.73601079858039,1.20668165073117e-07,0.00725165184054572,0,0,0,0,0,0,0,0,0,0,0,2.08472159349912e-06
-8.71263257912036,1.28687523436263e-07,0.00725165184054572,0,0,0,0,0,0,0,0,0,0,0,2.08472159349912e-06
-8.68925435966033,1.37219986996187e-07,0.00725165184054572,0,0,0,0,0,0,0,0,0,0,0,2.08472159349912e-06
-8.6658761402003,1.46297027149884e-07,0.00725165184054572,0,0,0,0,0,0,0,0,0,0,0,2.08472159349912e-06
-8.64249792074027,1.55951955488237e-07,0.00725165184054572,0,0,0,0,0,0,0,0,0,0,0,2.08472159349912e-06
-8.61911970128024,1.66220025620812e-07,0.00725165184054572,0,0,0,0,0,0,0,0,0,0,0,2.08472159349912e-06
-8.59574148182021,1.77138540278165e-07,0.00725165184054572,0,0,0,0,0,0,0,0,0,0,0,2.08472159349912e-06
-8.57236326236018,1.88746963943993e-07,0.00725165184054572,0,0,0,0,0,0,0,0,0,0,0,2.08472159349912e-06
-8.54898504290015,2.01087041280272e-07,0.00725165184054572,0,0,0,0,0,0,0,0,0,0,0,2.08472159349912e-06
-8.52560682344012,2.14202921619841e-07,0.00725165184054572,0,0,0,0,0,0,0,0,0,0,0,2.08472159349912e-06
-8.50222860398009,2.28141289812487e-07,0.00725165184054572,0,0,0,0,0,0,0,0,0,0,0,2.08472159349912e-06
-8.47885038452007,2.42951503722715e-07,0.00725165184054572,0,0,0,0,0,0,0,0,0,0,0,2.08472159349912e-06
-8.45547216506004,2.58685738689888e-07,0.00725165184054572,0,0,0,0,0,0,0,0,0,0,0,2.08472159349912e-06
-8.43209394560001,2.75399139274408e-07,0.00725165184054572,0,0,0,0,0,0,0,0,0,0,0,2.08472159349912e-06
-8.40871572613998,2.93149978627003e-07,0.00725165184054572,0,0,0,0,0,0,0,0,0,0,0,2.08472159349912e-06
-8.38533750667995,3.11999825832079e-07,0.00725165184054572,0,0,0,0,0,0,0,0,0,0,0,2.08472159349912e-06
-8.36195928721992,3.3201372159052e-07,0.00725165184054572,0,0,0,0,0,0,0,0,0,0,0,2.08472159349912e-06
-8.33858106775989,3.53260362622106e-07,0.00725165184054572,0,0,0,0,0,0,0,0,0,0,0,2.08472159349912e-06
-8.31520284829986,3.75812295183129e-07,0.00725165184054572,0,0,0,0,0,0,0,0,0,0,0,2.08472159349912e-06
-8.29182462883983,3.99746118110688e-07,0.00725165184054572,0,0,0,0,0,0,0,0,0,0,0,2.08472159349912e-06
-8.2684464093798,4.2514269582152e-07,0.00725165184054572,0,0,0,0,0,0,0,0,0,0,0,2.08472159349912e-06
-8.24506818991977,4.52087381710204e-07,0.00725165184054572,0,0,0,0,0,0,0,0,0,0,0,2.08472159349912e-06
-8.22168997045974,4.80670252409026e-07,0.00725165184054572,0,0,0,0,0,0,0,0,0,0,0,2.08472159349912e-06
-8.19831175099971,5.10986353389986e-07,0.00725165184054572,0,0,0,0,0,0,0,0,0,0,0,2.08472159349912e-06
-8.17493353153968,5.43135956407895e-07,0.00725165184054572,0,0,0,0,0,0,0,0,0,0,0,2.08472159349912e-06
-8.15155531207965,5.77224829302863e-07,0.00725165184054572,0,0,0,0,0,0,0,0,0,0,0,2.08472159349912e-06
-8.12817709261963,6.13364518700269e-07,0.00725165184054572,0,0,0,0,0,0,0,0,0,0,0,2.08472159349912e-06
-8.1047988731596,6.51672646166757e-07,0.00725165184054572,0,0,0,0,0,0,0,0,0,0,0,2.08472159349912e-06
-8.08142065369957,6.92273218401754e-07,0.00725165184054572,0,0,0,0,0,0,0,0,0,0,0,2.08472159349912e-06
-8.05804243423954,7.35296952065851e-07,0.00725165184054572,0,0,0,0,0,0,0,0,0,0,0,2.08472159349912e-06
-8.03466421477951,7.80881613869582e-07,0.00725165184054572,0,0,0,0,0,0,0,0,0,0,0,2.08472159349912e-06
-8.01128599531948,8.29172376569152e-07,0.00725165184054572,0,0,0,0,0,0,0,0,0,0,0,2.08472159349912e-06
-7.98790777585945,8.8032219153931e-07,0.00725165184054572,0,0,0,0,0,0,0,0,0,0,0,2.08472159349912e-06
-7.96452955639942,9.34492178617837e-07,0.00725165184054572,0,0,0,0,0,0,0,0,0,0,0,2.08472159349912e-06
-7.94115133693939,9.91852033941151e-07,0.00725165184054572,0,0,0,0,0,0,0,0,0,0,0,2.08472159349912e-06
-7.91777311747936,1.05258045651613e-06,0.00725165184054572,0,0,0,0,0,0,0,0,0,0,0,2.08472159349912e-06
-7.89439489801933,1.11686559429967e-06,0.00725165184054572,0,0,0,0,0,0,0,0,0,0,0,2.08472159349912e-06
-7.8710166785593,1.18490551058448e-06,0.00725165184054572,0,0,0,0,0,0,0,0,0,0,0,2.08472159349912e-06
-7.84763845909927,1.25690867151769e-06,0.00725165184054572,0,0,0,0,0,0,0,0,0,0,0,2.08472159349912e-06
-7.82426023963925,1.3330944556067e-06,0.00725165184054572,0,0,0,0,0,0,0,0,0,0,0,2.08472159349912e-06
-7.80088202017922,1.41369368609673e-06,0.00725165184054572,0,0,0,0,0,0,0,0,0,0,0,2.08472159349912e-06
-7.77750380071919,1.49894918713379e-06,0.00725165184054572,0,0,0,0,0,0,0,0,0,0,0,2.08472159349912e-06
-7.75412558125916,1.58911636465782e-06,0.00725165184054572,0,0,0,0,0,0,0,0,0,0,0,2.08472159349912e-06
-7.73074736179913,1.68446381300208e-06,0.00725165184054572,0,0,0,0,0,0,0,0,0,0,0,2.08472159349912e-06
-7.7073691423391,1.78527394820685e-06,0.00725165184054572,0,0,0,0,0,0,0,0,0,0,0,2.08472159349912e-06
-7.68399092287907,1.89184366908877e-06,0.00725165184054572,0,0,0,0,0,0,0,0,0,0,0,2.08472159349912e-06
-7.66061270341904,2.00448504714015e-06,0.00725165184054572,0,0,0,0,0,0,0,0,0,0,0,2.08472159349912e-06
-7.63723448395901,2.12352604636757e-06,0.00725165184054572,0,0,0,0,0,0,0,0,0,0,0,2.08472159349912e-06
-7.61385626449898,2.24931127421382e-06,0.00725165184054572,0,0,0,0,0,0,0,0,0,0,0,2.08472159349912e-06
-7.59047804503895,2.38220276474292e-06,0.00725165184054572,0,0,0,0,0,0,0,0,0,0,0,2.08472159349912e-06
-7.56709982557892,2.52258079530501e-06,0.00725165184054572,0,0,0,0,0,0,0,0,0,0,0,2.08472159349912e-06
-7.54372160611889,2.67084473793448e-06,0.00725165184054572,0,0,0,0,0,0,0,0,0,0,0,2.08472159349912e-06
-7.52034338665886,2.82741394677347e-06,0.00725165184054572,0,0,0,0,0,0,0,0,0,0,0,2.08472159349912e-06
-7.49696516719883,2.9927286828507e-06,0.00725165184054572,0,0,0,0,0,0,0,0,0,0,0,2.08472159349912e-06
-7.47358694773881,3.16725107758572e-06,0.00725165184054572,0,0,0,0,0,0,0,0,0,0,0,2.08472159349912e-06
-7.45020872827878,3.35146613642831e-06,0.00725165184054572,0,0,0,0,0,0,0,0,0,0,0,2.08472159349912e-06
-7.42683050881875,3.54588278408362e-06,0.00725165184054572,0,0,0,0,0,0,0,0,0,0,0,2.08472159349912e-06
-7.40345228935872,3.75103495281489e-06,0.00725165184054572,0,0,0,0,0,0,0,0,0,0,0,2.08472159349912e-06
-7.38007406989869,3.9674827153581e-06,0.00725165184054572,0,0,0,0,0,0,0,0,0,0,0,2.08472159349912e-06
-7.35669585043866,4.19581346402459e-06,0.00725165184054572,0,0,0,0,0,0,0,0,0,0,0,2.08472159349912e-06
-7.33331763097863,4.4366431376122e-06,0.00725165184054572,0,0,0,0,0,0,0,0,0,0,0,2.08472159349912e-06
-7.3099394115186,4.69061749778811e-06,0.00725165184054572,0,0,0,0,0,0,0,0,0,0,0,2.08472159349912e-06
-7.28656119205857,4.95841345665171e-06,0.00725165184054572,0,0,0,0,0,0,0,0,0,0,0,2.08472159349912e-06
-7.26318297259854,5.24074045723029e-06,0.00725165184054572,0,0,0,0,0,0,0,0,0,0,0,2.08472159349912e-06
-7.23980475313851,5.53834190870609e-06,0.00725165184054572,0,0,0,0,0,0,0,0,0,0,0,2.08472159349912e-06
-7.21642653367848,5.85199667821867e-06,0.00725165184054572,0,0,0,0,0,0,0,0,0,0,0,2.08472159349912e-06
-7.19304831421845,6.18252064113298e-06,0.00725165184054572,0,0,0,0,0,0,0,0,0,0,0,2.08472159349912e-06
-7.16967009475843,6.53076829171057e-06,0.00725165184054572,0,0,0,0,0,0,0,0,0,0,0,2.08472159349912e-06
-7.1462918752984,6.89763441616768e-06,0.00725165184054572,0,0,0,0,0,0,0,0,0,0,0,2.08472159349912e-06
-7.12291365583837,7.28405583015129e-06,0.00725165184054572,0,0,0,0,0,0,0,0,0,0,0,2.08472159349912e-06
-7.09953543637834,7.691013182713e-06,0.00725165184054572,0,0,0,0,0,0,0,0,0,0,0,2.08472159349912e-06
-7.07615721691831,8.1195328289062e-06,0.00725165184054572,0,0,0,0,0,0,0,0,0,0,0,2.08472159349912e-06
-7.05277899745828,8.57068877318216e-06,0.00725165184054572,0,0,0,0,0,0,0,0,0,0,0,2.08472159349912e-06
-7.02940077799825,9.04560468580645e-06,0.00725165184054572,0,0,0,0,0,0,0,0,0,0,0,2.08472159349912e-06
-7.00602255853822,9.54545599456778e-06,0.00725165184054572,0,0,0,0,0,0,0,0,0,0,0,2.08472159349912e-06
-6.98264433907819,1.00714720540966e-05,0.00725165184054572,0,0,0,0,0,0,0,0,0,0,0,2.08472159349912e-06
-6.95926611961816,1.06249383951607e-05,0.00725165184054572,0,0,0,0,0,0,0,0,0,0,0,2.08472159349912e-06
-6.93588790015813,1.12071990563516e-05,0.00725165184054572,0,0,0,0,0,0,0,0,0,0,0,2.08472159349912e-06
-6.9125096806981,1.18196590006248e-05,0.00725165184054572,0,0,0,0,0,0,0,0,0,0,0,2.08472159349912e-06
-6.88913146123807,1.24637866192024e-05,0.00725165184054572,0,0,0,0,0,0,0,0,0,0,0,2.08472159349912e-06
-6.86575324177804,1.31411163253922e-05,0.00725165184054572,0,0,0,0,0,0,0,0,0,0,0,2.08472159349912e-06
-6.84237502231801,1.38532512409303e-05,0.00725165184054572,0,0,0,0,0,0,0,0,0,0,0,2.08472159349912e-06
-6.81899680285798,1.46018659774906e-05,0.00725165184054572,0,0,0,0,0,0,0,0,0,0,0,2.08472159349912e-06
-6.79561858339796,1.53887095160574e-05,0.00725165184054572,0,0,0,0,0,0,0,0,0,0,0,2.08472159349912e-06
-6.77224036393793,1.62156081868982e-05,0.00725165184054572,0,0,0,0,0,0,0,0,0,0,0,2.08472159349912e-06
-6.7488621444779,1.70844687529189e-05,0.00725165184054572,0,0,0,0,0,0,0,0,0,0,0,2.08472159349912e-06
-6.72548392501787,1.79972815992239e-05,0.00725165184054572,0,0,0,0,0,0,0,0,0,0,0,2.08472159349912e-06
-6.70210570555784,1.89561240317485e-05,0.00725165184054572,0,0,0,0,0,0,0,0,0,0,0,2.08472159349912e-06
-6.67872748609781,1.9963163687869e-05,0.00725165184054572,0,0,0,0,0,0,0,0,0,0,0,2.08472159349912e-06
-6.65534926663778,2.10206620619365e-05,0.00725165184054572,0,0,0,0,0,0,0,0,0,0,0,2.08472159349912e-06
-6.63197104717775,2.21309781487156e-05,0.00725165184054572,0,0,0,0,0,0,0,0,0,0,0,2.08472159349912e-06
-6.60859282771772,2.32965722077498e-05,0.00725165184054572,0,0,0,0,0,0,0,0,0,0,0,2.08472159349912e-06
-6.58521460825769,2.45200096517061e-05,0.00725165184054572,0,0,0,0,0,0,0,0,0,0,0,2.08472159349912e-06
-6.56183638879766,2.58039650617847e-05,0.00725165184054572,0,0,0,0,0,0,0,0,0,0,0,2.08472159349912e-06
-6.53845816933763,2.71512263333125e-05,0.00725165184054572,0,0,0,0,0,0,0,0,0,0,0,2.08472159349912e-06
-6.5150799498776,2.85646989546658e-05,0.00725165184054572,0,0,0,0,0,0,0,0,0,0,0,2.08472159349912e-06
-6.49170173041757,3.00474104226957e-05,0.00725165184054572,0,0,0,0,0,0,0,0,0,0,0,2.08472159349912e-06
-6.46832351095755,3.16025147978512e-05,0.00725165184054572,0,0,0,0,0,0,0,0,0,0,0,2.08472159349912e-06
-6.44494529149752,3.32332974022197e-05,0.00725165184054572,0,0,0,0,0,0,0,0,0,0,0,2.08472159349912e-06
-6.42156707203749,3.49431796637236e-05,0.00725165184054572,0,0,0,0,0,0,0,0,0,0,0,2.08472159349912e-06
-6.39818885257746,3.67357241097223e-05,0.00725165184054572,0,0,0,0,0,0,0,0,0,0,0,2.08472159349912e-06
-6.37481063311743,3.86146395132909e-05,0.00725165184054572,0,0,0,0,0,0,0,0,0,0,0,2.08472159349912e-06
-6.3514324136574,4.05837861954476e-05,0.00725165184054572,0,0,0,0,0,0,0,0,0,0,0,2.08472159349912e-06
-6.32805419419737,4.26471814866154e-05,0.00725165184054572,0,0,0,0,0,0,0,0,0,0,0,2.08472159349912e-06
-6.30467597473734,4.48090053506024e-05,0.00725165184054572,0,0,0,0,0,0,0,0,0,0,0,2.08472159349912e-06
-6.28129775527731,4.7073606174385e-05,0.00725165184054572,0,0,0,0,0,0,0,0,0,0,0,2.08472159349912e-06
-6.25791953581728,4.9445506726975e-05,0.00725165184054572,0,0,0,0,0,0,0,0,0,0,0,2.08472159349912e-06
-6.23454131635725,5.19294102906408e-05,0.00725165184054572,0,0,0,0,0,0,0,0,0,0,0,2.08472159349912e-06
-6.21116309689722,5.45302069677406e-05,0.00725165184054572,0,0,0,0,0,0,0,0,0,0,0,2.08472159349912e-06
-6.18778487743719,5.7252980166407e-05,0.00725165184054572,0,0,0,0,0,0,0,0,0,0,0,2.08472159349912e-06
-6.16440665797716,6.01030132683012e-05,0.00725165184054572,0,0,0,0,0,0,0,0,0,0,0,2.08472159349912e-06
-6.14102843851714,6.30857964816256e-05,0.00725165184054572,0,0,0,0,0,0,0,0,0,0,0,2.08472159349912e-06
-6.11765021905711,6.62070338825543e-05,0.00725165184054572,0,0,0,0,0,0,0,0,0,0,0,2.08472159349912e-06
-6.09427199959708,6.94726506481949e-05,0.00725165184054572,0,0,0,0,0,0,0,0,0,0,0,2.08472159349912e-06
-6.07089378013705,7.28888004841657e-05,0.00725165184054572,0,0,0,0,0,0,0,0,0,0,0,2.08472159349912e-06
-6.04751556067702,7.64618732498072e-05,0.00725165184054572,0,0,0,0,0,0,0,0,0,0,0,2.08472159349912e-06
-6.02413734121699,8.01985027840023e-05,0.00725165184054572,0,0,0,0,0,0,0,0,0,0,0,2.08472159349912e-06
-6.00075912175696,8.41055749345115e-05,0.00725165184054572,0,0,0,0,0,0,0,0,0,0,0,2.08472159349912e-06
-5.97738090229693,8.81902357936688e-05,0.00725165184054572,0,0,0,0,0,0,0,0,0,0,0,2.08472159349912e-06
-5.9540026828369,9.24599001431967e-05,0.00725165184054572,0,0,0,0,0,0,0,0,0,0,0,2.08472159349912e-06
-5.93062446337687,9.69222601108331e-05,0.00725165184054572,0,0,0,0,0,0,0,0,0,0,0,2.08472159349912e-06
-5.90724624391684,0.000101585294041356,0.00725165184054572,0,0,0,0,0,0,0,0,0,0,0,2.08472159349912e-06
-5.88386802445681,0.000106457275584515,0.00725165184054572,0,0,0,0,0,0,0,0,0,0,0,2.08472159349912e-06
-5.86048980499678,0.000111546783002252,0.00725165184054572,0,0,0,0,0,0,0,0,0,0,0,2.08472159349912e-06
-5.83711158553675,0.000116862708697507,0.00725165184054572,0,0,0,0,0,0,0,0,0,0,0,2.08472159349912e-06
-5.81373336607673,0.000122414268966764,0.00725165184054572,0,0,0,0,0,0,0,0,0,0,0,2.08472159349912e-06
-5.7903551466167,0.000128211013978365,0.00725165184054572,0,0,0,0,0,0,0,0,0,0,0,2.08472159349912e-06
-5.76697692715667,0.000134262837978515,0.00725165184054572,0,0,0,0,0,0,0,0,0,0,0,2.08472159349912e-06
-5.74359870769664,0.000140579989726693,0.00725165184054572,0,0,0,0,0,0,0,0,0,0,0,2.08472159349912e-06
-5.72022048823661,0.000147173083162104,0.00725165184054572,0,0,0,0,0,0,0,0,0,0,0,2.08472159349912e-06
-5.69684226877658,0.000154053108302577,0.00725165184054572,0,0,0,0,0,0,0,0,0,0,0,2.08472159349912e-06
-5.67346404931655,0.000161231442377188,0.00725165184054572,0,0,0,0,0,0,0,0,0,0,0,2.08472159349912e-06
-5.65008582985652,0.000168719861193676,0.00725165184054572,0,0,0,0,0,0,0,0,0,0,0,2.08472159349912e-06
-5.62670761039649,0.000176530550741542,0.00725165184054572,0,0,0,0,0,0,0,0,0,0,0,2.08472159349912e-06
-5.60332939093646,0.00018467611903151,0.00725165184054572,0,0,0,0,0,0,0,0,0,0,0,2.08472159349912e-06
-5.57995117147643,0.000193169608171821,0.00725165184054572,0,0,0,0,0,0,0,0,0,0,0,2.08472159349912e-06
-5.5565729520164,0.000202024506681612,0.00725165184054572,0,0,0,0,0,0,0,0,0,0,0,2.08472159349912e-06
-5.53319473255637,0.000211254762041374,0.00725165184054572,0,0,0,0,0,0,0,0,0,0,0,2.08472159349912e-06
-5.50981651309634,0.000220874793480277,0.00725165184054572,0,0,0,0,0,0,0,0,0,0,0,2.08472159349912e-06
-5.48643829363631,0.000230899504999865,0.00725165184054572,0,0,0,0,0,0,0,0,0,0,0,2.08472159349912e-06
-5.46306007417629,0.000241344298633357,0.00725165184054572,0,0,0,0,0,0,0,0,0,0,0,2.08472159349912e-06
-5.43968185471626,0.000252225087939528,0.00725165184054572,0,0,0,0,0,0,0,0,0,0,0,2.08472159349912e-06
-5.41630363525623,0.000263558311729851,0.00725165184054572,0,0,0,0,0,0,0,0,0,0,0,2.08472159349912e-06
-5.3929254157962,0.000275360948027263,0.00725165184054572,0,0,0,0,0,0,0,0,0,0,0,2.08472159349912e-06
-5.36954719633617,0.000287650528254618,0.00725165184054572,0,0,0,0,0,0,0,0,0,0,0,2.08472159349912e-06
-5.34616897687614,0.000300445151650575,0.00725165184054572,0,0,0,0,0,0,0,0,0,0,0,2.08472159349912e-06
-5.32279075741611,0.000313763499910309,0.00725165184054572,0,0,0,0,0,0,0,0,0,0,0,2.08472159349912e-06
-5.29941253795608,0.000327624852048099,0.00725165184054572,0,0,0,0,0,0,0,0,0,0,0,2.08472159349912e-06
-5.27603431849605,0.000342049099478482,0.00725165184054572,0,0,0,0,0,0,0,0,0,0,0,2.08472159349912e-06
-5.25265609903602,0.000357056761312298,0.00725165184054572,0,0,0,0,0,0,0,0,0,0,0,2.08472159349912e-06
-5.22927787957599,0.000372668999863547,0.00725165184054572,0,0,0,0,0,0,0,0,0,0,0,2.08472159349912e-06
-5.20589966011596,0.000388907636362591,0.00725165184054572,0,0,0,0,0,0,0,0,0,0,0,2.08472159349912e-06
-5.18252144065593,0.000405795166870848,0.00725165184054572,0,0,0,0,0,0,0,0,0,0,0,2.08472159349912e-06
-5.1591432211959,0.00042335477839164,0.00725165184054572,0,0,0,0,0,0,0,0,0,0,0,2.08472159349912e-06
-5.13576500173588,0.000441610365171512,0.00725165184054572,0,0,0,0,0,0,0,0,0,0,0,2.08472159349912e-06
-5.11238678227585,0.000460586545185804,0.00725165184054572,0,0,0,0,0,0,0,0,0,0,0,2.08472159349912e-06
-5.08900856281582,0.000480308676801857,0.00725165184054572,0,0,0,0,0,0,0,0,0,0,0,2.08472159349912e-06
-5.06563034335579,0.000500802875612759,0.00725165184054572,0,0,0,0,0,0,0,0,0,0,0,2.08472159349912e-06
-5.04225212389576,0.000522096031434012,0.00725165184054572,0,0,0,0,0,0,0,0,0,0,0,2.08472159349912e-06
-5.01887390443573,0.000544215825455071,0.00725165184054572,0,0,0,0,0,0,0,0,0,0,0,2.08472159349912e-06
-4.9954956849757,0.000567190747537148,0.00725165184054572,0,0,0,0,0,0,0,0,0,0,0,2.08472159349912e-06
-4.97211746551567,0.000591050113648172,0.00725165184054572,0,0,0,0,0,0,0,0,0,0,0,2.08472159349912e-06
-4.94873924605564,0.000615824083425295,0.00725165184054572,0,0,0,0,0,0,0,0,0,0,0,2.08472159349912e-06
-4.92536102659561,0.000641543677854752,0.00725165184054572,0,0,0,0,0,0,0,0,0,0,0,2.08472159349912e-06
-4.90198280713558,0.000668240797058358,0.00725165184054572,0,0,0,0,0,0,0,0,0,0,0,2.08472159349912e-06
-4.87860458767555,0.000695948238175371,0.00725165184054572,0,0,0,0,0,0,0,0,0,0,0,2.08472159349912e-06
-4.85522636821552,0.000724699713327838,0.00725165184054572,0,0,0,0,0,0,0,0,0,0,0,2.08472159349912e-06
-4.83184814875549,0.000754529867657053,0.00725165184054572,0,0,0,0,0,0,0,0,0,0,0,2.08472159349912e-06
-4.80846992929547,0.00078547429741801,0.00725165184054572,0,0,0,0,0,0,0,0,0,0,0,2.08472159349912e-06
-4.78509170983544,0.00081756956811834,0.00725165184054572,0,0,0,0,0,0,0,0,0,0,0,2.08472159349912e-06
-4.76171349037541,0.000850853232687399,0.00725165184054572,0,0,0,0,0,0,0,0,0,0,0,2.08472159349912e-06
-4.73833527091538,0.000885363849660741,0.00725165184054572,0,0,0,0,0,0,0,0,0,0,0,2.08472159349912e-06
-4.71495705145535,0.000921141001364468,0.00725165184054572,0,0,0,0,0,0,0,0,0,0,0,2.08472159349912e-06
-4.69157883199532,0.000958225312083352,0.00725165184054572,0,0,0,0,0,0,0,0,0,0,0,2.08472159349912e-06
-4.66820061253529,0.000996658466196037,0.00725165184054572,0,0,0,0,0,0,0,0,0,0,0,2.08472159349912e-06
-4.64482239307526,0.00103648322625987,0.00725165184054572,0,0,0,0,0,0,0,0,0,0,0,2.08472159349912e-06
-4.62144417361523,0.00107774345102743,0.00725165184054572,0,0,0,0,0,0,0,0,0,0,0,2.08472159349912e-06
-4.5980659541552,0.00112048411337595,0.00725165184054572,0,0,0,0,0,0,0,0,0,0,0,2.08472159349912e-06
-4.57468773469517,0.0011647513181304,0.00725165184054572,0,0,0,0,0,0,0,0,0,0,0,2.08472159349912e-06
-4.55130951523514,0.00121059231976019,0.00725165184054572,0,0,0,0,0,0,0,0,0,0,0,2.08472159349912e-06
-4.52793129577511,0.00125805553992877,0.00725165184054572,0,0,0,0,0,0,0,0,0,0,0,2.08472159349912e-06
-4.50455307631508,0.00130719058487493,0.00725165184054572,0,0,0,0,0,0,0,0,0,0,0,2.08472159349912e-06
-4.48117485685505,0.00135804826260364,0.00725165184054572,0,0,0,0,0,0,0,0,0,0,0,2.08472159349912e-06
-4.45779663739503,0.00141068059986385,0.00725165184054572,0,0,0,0,0,0,0,0,0,0,0,2.08472159349912e-06
-4.434418417935,0.00146514085888997,0.00725165184054572,0,0,0,0,0,0,0,0,0,0,0,2.08472159349912e-06
-4.41104019847497,0.00152148355388288,0.00725165184054572,0,0,0,0,0,0,0,0,0,0,0,2.08472159349912e-06
-4.38766197901494,0.00157976446720591,0.00725165184054572,0,0,0,0,0,0,0,0,0,0,0,2.08472159349912e-06
-4.36428375955491,0.0016400406652705,0.00725165184054572,0,0,0,0,0,0,0,0,0,0,0,2.08472159349912e-06
-4.34090554009488,0.00170237051408542,0.00725165184054572,0,0,0,0,0,0,0,0,0,0,0,2.08472159349912e-06
-4.31752732063485,0.0017668136944431,0.00725165184054572,0,0,0,0,0,0,0,0,0,0,0,2.08472159349912e-06
-4.29414910117482,0.00183343121671559,0.00725165184054572,0,0,0,0,0,0,0,0,0,0,0,2.08472159349912e-06
-4.27077088171479,0.00190228543523251,0.00725165184054572,0,0,0,0,0,0,0,0,0,0,0,2.08472159349912e-06
-4.24739266225476,0.0019734400622121,0.00725165184054572,0,0,0,0,0,0,0,0,0,0,0,2.08472159349912e-06
-4.22401444279473,0.00204696018121661,0.00725165184054572,0,0,0,0,0,0,0,0,0,0,0,2.08472159349912e-06
-4.2006362233347,0.00212291226010198,0.00725165184054572,0,0,0,0,0,0,0,0,0,0,0,2.08472159349912e-06
-4.17725800387467,0.0022013641634315,0.00725165184054572,0,0,0,0,0,0,0,0,0,0,0,2.08472159349912e-06
-4.15387978441464,0.00228238516432269,0.00725165184054572,0,0,0,0,0,0,0,0,0,0,0,2.08472159349912e-06
-4.13050156495462,0.00236604595569569,0.00725165184054572,0,0,0,0,0,0,0,0,0,0,0,2.08472159349912e-06
-4.10712334549459,0.00245241866089121,0.00725165184054572,0,0,0,0,0,0,0,0,0,0,0,2.08472159349912e-06
-4.08374512603456,0.00254157684362547,0.00725165184054572,0,0,0,0,0,0,0,0,0,0,0,2.08472159349912e-06
-4.06036690657453,0.00263359551724898,0.00725165184054572,0,0,0,0,0,0,0,0,0,0,0,2.08472159349912e-06
-4.0369886871145,0.00272855115327564,0.00725165184054572,0,0,0,0,0,0,0,0,0,0,0,2.08472159349912e-06
-4.01361046765447,0.00282652168914798,0.00725165184054572,0,0,0,0,0,0,0,0,0,0,0,2.08472159349912e-06
-3.99023224819444,0.00292758653520424,0.00725165184054572,0,0,0,0,0,0,0,0,0,0,0,2.08472159349912e-06
-3.96685402873441,0.0030318265808121,0.00725165184054572,0,0,0,0,0,0,0,0,0,0,0,2.08472159349912e-06
-3.94347580927438,0.00313932419963393,0.00725165184054572,0,0,0,0,0,0,0,0,0,0,0,2.08472159349912e-06
-3.92009758981435,0.00325016325398778,0.00725165184054572,0,0,0,0,0,0,0,0,0,0,0,2.08472159349912e-06
-3.89671937035432,0.00336442909826805,0.00725165184054572,0,0,0,0,0,0,0,0,0,0,0,2.08472159349912e-06
-3.87334115089429,0.00348220858138952,0.00725165184054572,0,0,0,0,0,0,0,0,0,0,0,2.08472159349912e-06
-3.84996293143426,0.00360359004821807,0.00725165184054572,0,0,0,0,0,0,0,0,0,0,0,2.08472159349912e-06
-3.82658471197423,0.00372866333995123,0.00725165184054572,0,0,0,0,0,0,0,0,0,0,0,2.08472159349912e-06
-3.8032064925142,0.00385751979341149,0.00725165184054572,0,0,0,0,0,0,0,0,0,0,0,2.08472159349912e-06
-3.77982827305418,0.00399025223921496,0.00725165184054572,0,0,0,0,0,0,0,0,0,0,0,2.08472159349912e-06
-3.75645005359415,0.0041269549987782,0.00725165184054572,0,0,0,0,0,0,0,0,0,0,0,2.08472159349912e-06
-3.73307183413412,0.00426772388012548,0.00725165184054572,0,0,0,0,0,0,0,0,0,0,0,2.08472159349912e-06
-3.70969361467409,0.00441265617245905,0.00725165184054572,0,0,0,0,0,0,0,0,0,0,0,2.08472159349912e-06
-3.68631539521406,0.00456185063945476,0.00725165184054572,0,0,0,0,0,0,0,0,0,0,0,2.08472159349912e-06
-3.66293717575403,0.00471540751124546,0.00725165184054572,0,0,0,0,0,0,0,0,0,0,0,2.08472159349912e-06
-3.639558956294,0.00487342847505482,0.00725165184054572,0,0,0,0,0,0,0,0,0,0,0,2.08472159349912e-06
-3.61618073683397,0.00503601666444404,0.00725165184054572,0,0,0,0,0,0,0,0,0,0,0,2.08472159349912e-06
-3.59280251737394,0.00520327664713429,0.00725165184054572,0,0,0,0,0,0,0,0,0,0,0,2.08472159349912e-06
-3.56942429791391,0.00537531441136802,0.00725165184054572,0,0,0,0,0,0,0,0,0,0,0,2.08472159349912e-06
-3.54604607845388,0.0055522373507722,0.00725165184054572,0,0,0,0,0,0,0,0,0,0,0,2.08472159349912e-06
-3.52266785899385,0.00573415424768738,0.00725165184054572,0,0,0,0,0,0,0,0,0,0,0,2.08472159349912e-06
-3.49928963953382,0.00592117525492616,0.00725165184054572,0,0,0,0,0,0,0,0,0,0,0,2.08472159349912e-06
-3.4759114200738,0.00611341187592591,0.00725165184054572,0,0,0,0,0,0,0,0,0,0,0,2.08472159349912e-06
-3.45253320061377,0.00631097694326028,0.00725165184054572,0,0,0,0,0,0,0,0,0,0,0,2.08472159349912e-06
-3.42915498115374,0.00651398459547503,0.00725165184054572,0,0,0,0,0,0,0,0,0,0,0,2.08472159349912e-06
-3.40577676169371,0.00672255025221435,0.00725165184054572,0,0,0,0,0,0,0,0,0,0,0,2.08472159349912e-06
-3.38239854223368,0.00693679058760402,0.00725165184054572,0,0,0,0,0,0,0,0,0,0,0,2.08472159349912e-06
-3.35902032277365,0.00715682350185925,0.00725165184054572,0,0,0,0,0,0,0,0,0,0,0,2.08472159349912e-06
-3.33564210331362,0.00738276809108484,0.00725165184054572,0,0,0,0,0,0,0,0,0,0,0,2.08472159349912e-06
-3.31226388385359,0.00761474461523731,0.00725165184054572,0,0,0,0,0,0,0,0,0,0,0,2.08472159349912e-06
-3.28888566439356,0.00785287446421828,0.00725165184054572,0,0,0,0,0,0,0,0,0,0,0,2.08472159349912e-06
-3.26550744493353,0.00809728012207049,0.00725165184054572,0,0,0,0,0,0,0,0,0,0,0,2.08472159349912e-06
-3.2421292254735,0.00834808512924815,0.00725165184054572,0,0,0,0,0,0,0,0,0,0,0,2.08472159349912e-06
-3.21875100601347,0.00860541404293459,0.00725165184054572,0,0,0,0,0,0,0,0,0,0,0,2.08472159349912e-06
-3.19537278655344,0.00886939239538176,0.00725165184054572,0,0,0,0,0,0,0,0,0,0,0,2.08472159349912e-06
-3.17199456709341,0.00914014665024646,0.00725165184054572,0,0,0,0,0,0,0,0,0,0,0,2.08472159349912e-06
-3.14861634763338,0.0094178041569005,0.00725165184054572,0,0,0,0,0,0,0,0,0,0,0,2.08472159349912e-06
-3.12523812817336,0.00970249310269261,0.00725165184054572,0,0,0,0,0,0,0,0,0,0,0,2.08472159349912e-06
-3.10185990871333,0.00999434246314175,0.00725165184054572,0,0,0,0,0,0,0,0,0,0,0,2.08472159349912e-06
-3.0784816892533,0.0102934819500428,0.00725165184054572,0,0,0,0,0,0,0,0,0,0,0,2.08472159349912e-06
-3.05510346979327,0.0106000419574672,0.00725165184054572,0,0,0,0,0,0,0,0,0,0,0,2.08472159349912e-06
-3.03172525033324,0.0109141535056428,0.00725165184054572,0,0,0,0,0,0,0,0,0,0,0,2.08472159349912e-06
-3.00834703087321,0.0112359481826988,0.00725165184054572,0,0,0,0,0,0,0,0,0,0,0,2.08472159349912e-06
-2.98496881141318,0.0115655580842638,0.00725165184054572,0,0,0,0,0,0,0,0,0,0,0,2.08472159349912e-06
-2.96159059195315,0.011903115750906,0.00725165184054572,0,0,0,0,0,0,0,0,0,0,0,2.08472159349912e-06
-2.93821237249312,0.0122487541034072,0.00725165184054572,0,0,0,0,0,0,0,0,0,0,0,2.08472159349912e-06
-2.91483415303309,0.0126026063758645,0.00725165184054572,0,0,0,0,0,0,0,0,0,0,0,2.08472159349912e-06
-2.89145593357306,0.0129648060466143,0.00725165184054572,0,0,0,0,0,0,0,0,0,0,0,2.08472159349912e-06
-2.86807771411303,0.013335486766977,0.00725165184054572,0,0,0,0,0,0,0,0,0,0,0,2.08472159349912e-06
-2.844699494653,0.0137147822878217,0.00725165184054572,0,0,0,0,0,0,0,0,0,0,0,2.08472159349912e-06
-2.82132127519297,0.0141028263839527,0.00725165184054572,0,0,0,0,0,0,0,0,0,0,0,2.08472159349912e-06
-2.79794305573295,0.0144997527763226,0.00725165184054572,0,0,0,0,0,0,0,0,0,0,0,2.08472159349912e-06
-2.77456483627292,0.0149056950520787,0.00725165184054572,0,0,0,0,0,0,0,0,0,0,0,2.08472159349912e-06
-2.75118661681289,0.0153207865824501,0.00725165184054572,0,0,0,0,0,0,0,0,0,0,0,2.08472159349912e-06
-2.72780839735286,0.0157451604384899,0.00725165184054572,0,0,0,0,0,0,0,0,0,0,0,2.08472159349912e-06
-2.70443017789283,0.0161789493046836,0.00725165184054572,0,0,0,0,0,0,0,0,0,0,0,2.08472159349912e-06
-2.6810519584328,0.0166222853904425,0.00725165184054572,0,0,0,0,0,0,0,0,0,0,0,2.08472159349912e-06
-2.65767373897277,0.0170753003394997,0.00725165184054572,0,0,0,0,0,0,0,0,0,0,0,2.08472159349912e-06
-2.63429551951274,0.0175381251372317,0.00725165184054572,0,0,0,0,0,0,0,0,0,0,0,2.08472159349912e-06
-2.61091730005271,0.01801089001593,0.00725165184054572,0,0,0,0,0,0,0,0,0,0,0,2.08472159349912e-06
-2.58753908059268,0.0184937243580499,0.00725165184054572,0,0,0,0,0,0,0,0,0,0,0,2.08472159349912e-06
-2.56416086113265,0.018986756597467,0.00725165184054572,0,0,0,0,0,0,0,0,0,0,0,2.08472159349912e-06
-2.54078264167262,0.0194901141187737,0.00725165184054572,0,0,0,0,0,0,0,0,0,0,0,2.08472159349912e-06
-2.51740442221259,0.0200039231546536,0.00725165184054572,0,0,0,0,0,0,0,0,0,0,0,2.08472159349912e-06
-2.49402620275256,0.0205283086813706,0.00725165184054572,0,0,0,0,0,0,0,0,0,0,0,2.08472159349912e-06
-2.47064798329253,0.0210633943124156,0.00725165184054572,0,0,0,0,0,0,0,0,0,0,0,2.08472159349912e-06
-2.44726976383251,0.0216093021903563,0.00725165184054572,0,0,0,0,0,0,0,0,0,0,0,2.08472159349912e-06
-2.42389154437248,0.0221661528769364,0.00725165184054572,0,0,0,0,0,0,0,0,0,0,0,2.08472159349912e-06
-2.40051332491245,0.022734065241477,0.00725165184054572,0,0,0,0,0,0,0,0,0,0,0,2.08472159349912e-06
-2.37713510545242,0.023313156347633,0.00725165184054572,0,0,0,0,0,0,0,0,0,0,0,2.08472159349912e-06
-2.35375688599239,0.0239035413385621,0.00725165184054572,0,0,0,0,0,0,0,0,0,0,0,2.08472159349912e-06
-2.33037866653236,0.0245053333205665,0.00725165184054572,0,0,0,0,0,0,0,0,0,0,0,2.08472159349912e-06
-2.30700044707233,0.0251186432452704,0.00725165184054572,0,0,0,0,0,0,0,0,0,0,0,2.08472159349912e-06
-2.2836222276123,0.0257435797904009,0.00725165184054572,0,0,0,0,0,0,0,0,0,0,0,2.08472159349912e-06
-2.26024400815227,0.0263802492392397,0.00725165184054572,0,0,0,0,0,0,0,0,0,0,0,2.08472159349912e-06
-2.23686578869224,0.0270287553588203,0.00725165184054572,0,0,0,0,0,0,0,0,0,0,0,2.08472159349912e-06
-2.21348756923221,0.0276891992769459,0.00725165184054572,0,0,0,0,0,0,0,0,0,0,0,2.08472159349912e-06
-2.19010934977218,0.028361679358105,0.00725165184054572,0,0,0,0,0,0,0,0,0,0,0,2.08472159349912e-06
-2.16673113031215,0.0290462910783705,0.00725165184054572,0,0,0,0,0,0,0,0,0,0,0,2.08472159349912e-06
-2.14335291085212,0.029743126899363,0.00725165184054572,0,0,0,0,0,0,0,0,0,0,0,2.08472159349912e-06
-2.1199746913921,0.0304522761413689,0.00725165184054572,0,0,0,0,0,0,0,0,0,0,0,2.08472159349912e-06
-2.09659647193207,0.0311738248557038,0.00725165184054572,0,0,0,0,0,0,0,0,0,0,0,2.08472159349912e-06
-2.07321825247204,0.031907855696415,0.00725165184054572,0,0,0,0,0,0,0,0,0,0,0,2.08472159349912e-06
-2.04984003301201,0.0326544477914189,0.00725165184054572,0,0,0,0,0,0,0,0,0,0,0,2.08472159349912e-06
-2.02646181355198,0.0334136766131755,0.00725165184054572,0,0,0,0,0,0,0,0,0,0,0,2.08472159349912e-06
-2.00308359409195,0.0341856138490002,0.00725165184054572,0,0,0,0,0,0,0,0,0,0,0,2.08472159349912e-06
-1.97970537463192,0.0349703272711192,0.00725165184054572,0,0,0,0,0,0,0,0,0,0,0,2.08472159349912e-06
-1.95632715517189,0.0357678806065767,0.00725165184054572,0,0,0,0,0,0,0,0,0,0,0,2.08472159349912e-06
-1.93294893571186,0.0365783334071051,0.00725165184054572,0,0,0,0,0,0,0,0,0,0,0,2.08472159349912e-06
-1.90957071625183,0.0374017409190694,0.00725165184054572,0,0,0,0,0,0,0,0,0,0,0,2.08472159349912e-06
-1.8861924967918,0.038238153953605,0.00725165184054572,0,0,0,0,0,0,0,0,0,0,0,2.08472159349912e-06
-1.86281427733177,0.0390876187570636,0.00725165184054572,0,0,0,0,0,0,0,0,0,0,0,2.08472159349912e-06
-1.83943605787174,0.0399501768818906,0.00725165184054572,0,0,0,0,0,0,0,0,0,0,0,2.08472159349912e-06
-1.81605783841171,0.0408258650580557,0.00725165184054572,0,0,0,0,0,0,0,0,0,0,0,2.08472159349912e-06
-1.79267961895169,0.0417147150651611,0.00725165184054572,0,0,0,0,0,0,0,0,0,0,0,2.08472159349912e-06
-1.76930139949166,0.0426167536053566,0.00725165184054572,0,0,0,0,0,0,0,0,0,0,0,2.08472159349912e-06
-1.74592318003163,0.0435320021771878,0.00725165184054572,0,0,0,0,0,0,0,0,0,0,0,2.08472159349912e-06
-1.7225449605716,0.0444604769505111,0.00725165184054572,0,0,0,0,0,0,0,0,0,0,0,2.08472159349912e-06
-1.69916674111157,0.0454021886426064,0.00725165184054572,0,0,0,0,0,0,0,0,0,0,0,2.08472159349912e-06
-1.67578852165154,0.0463571423956226,0.00725165184054572,0,0,0,0,0,0,0,0,0,0,0,2.08472159349912e-06
-1.65241030219151,0.0473253376554921,0.00725165184054572,0,0,0,0,0,0,0,0,0,0,0,2.08472159349912e-06
-1.62903208273148,0.0483067680524502,0.00725165184054572,0,0,0,0,0,0,0,0,0,0,0,2.08472159349912e-06
-1.60565386327145,0.0493014212832994,0.00725165184054572,0,0,0,0,0,0,0,0,0,0,0,2.08472159349912e-06
-1.58227564381142,0.0503092789955583,0.00725165184054572,0,0,0,0,0,0,0,0,0,0,0,2.08472159349912e-06
-1.55889742435139,0.0513303166736335,0.00725165184054572,0,0,0,0,0,0,0,0,0,0,0,2.08472159349912e-06
-1.53551920489136,0.0523645035271591,0.00725165184054572,0,0,0,0,0,0,0,0,0,0,0,2.08472159349912e-06
-1.51214098543133,0.053411802381643,0.00725165184054572,0,0,0,0,0,0,0,0,0,0,0,2.08472159349912e-06
-1.4887627659713,0.0544721695715653,0.00725165184054572,0,0,0,0,0,0,0,0,0,0,0,2.08472159349912e-06
-1.46538454651127,0.0555455548360694,0.00725165184054572,0,0,0,0,0,0,0,0,0,0,0,2.08472159349912e-06
-1.44200632705125,0.0566319012173911,0.00725165184054572,0,0,0,0,0,0,0,0,0,0,0,2.08472159349912e-06
-1.41862810759122,0.0577311449621675,0.00725165184054572,0,0,0,0,0,0,0,0,0,0,0,2.08472159349912e-06
-1.39524988813119,0.05884321542577,0.00725165184054572,0,0,0,0,0,0,0,0,0,0,0,2.08472159349912e-06
-1.37187166867116,0.0599680349798035,0.00725165184054572,0,0,0,0,0,0,0,0,0,0,0,2.08472159349912e-06
-1.34849344921113,0.0611055189229154,0.00725165184054572,0,0,0,0,0,0,0,0,0,0,0,2.08472159349912e-06
-1.3251152297511,0.0622555753950545,0.00725165184054572,0,0,0,0,0,0,0,0,0,0,0,2.08472159349912e-06
-1.30173701029107,0.0634181052953228,0.00725165184054572,0,0,0,0,0,0,0,0,0,0,0,2.08472159349912e-06
-1.27835879083104,0.0645930022035586,0.00725165184054572,0,0,0,0,0,0,0,0,0,0,0,2.08472159349912e-06
-1.25498057137101,0.0657801523057916,0.00725165184054572,0,0,0,0,0,0,0,0,0,0,0,2.08472159349912e-06
-1.23160235191098,0.0669794343237051,0.00725165184054572,0,0,0,0,0,0,0,0,0,0,0,2.08472159349912e-06
-1.20822413245095,0.0681907194482437,0.00725165184054572,0,0,0,0,0,0,0,0,0,0,0,2.08472159349912e-06
-1.18484591299092,0.0694138712775002,0.00725165184054572,0,0,0,0,0,0,0,0,0,0,0,2.08472159349912e-06
-1.16146769353089,0.070648745759012,0.00725165184054572,0,0,0,0,0,0,0,0,0,0,0,2.08472159349912e-06
-1.13808947407087,0.0718951911366007,0.00725165184054572,0,0,0,0,0,0,0,0,0,0,0,2.08472159349912e-06
-1.11471125461084,0.0731530479018808,0.00725165184054572,0,0,0,0,0,0,0,0,0,0,0,2.08472159349912e-06
-1.09133303515081,0.0744221487505622,0.00725165184054572,0,0,0,0,0,0,0,0,0,0,0,2.08472159349912e-06
-1.06795481569078,0.075702318543672,0.00725165184054572,0,0,0,0,0,0,0,0,0,0,0,2.08472159349912e-06
-1.04457659623075,0.0769933742738133,0.00725165184054572,0,0,0,0,0,0,0,0,0,0,0,2.08472159349912e-06
-1.02119837677072,0.0782951250365788,0.00725165184054572,0,0,0,0,0,0,0,0,0,0,0,2.08472159349912e-06
-0.99782015731069,0.0796073720072324,0.0632871433356717,0,0,0,0,0,0,0,0,0,0,0,0
-0.97444193785066,0.0809299084227705,0.0632871433356717,0,0,0,0,0,0,0,0,0,0,0,0
-0.95106371839063,0.082262519569467,0.0632871433356717,0,0,0,0,0,0,0,0,0,0,0,0
-0.9276854989306,0.0836049827760074,0.0632871433356717,0,0,0,0,0,0,0,0,0,0,0,0
-0.904307279470572,0.0849570674123096,0.0632871433356717,0,0,0,0,0,0,0,0,0,0,0,0
-0.880929060010542,0.0863185348941263,0.0632871433356717,0,0,0,0,0,0,0,0,0,0,0,0
-0.857550840550513,0.0876891386935184,0.0632871433356717,0,0,0,0,0,0,0,0,0,0,0,0
-0.834172621090485,0.0890686243552875,0.0632871433356717,0,0,0,0,0,0,0,0,0,0,0,0
-0.810794401630455,0.0904567295194462,0.0632871433356717,0,0,0,0,0,0,0,0,0,0,0,0
-0.787416182170425,0.0918531839498031,0.0632871433356717,0,0,0,0,0,0,0,0,0,0,0,0
-0.764037962710395,0.0932577095687352,0.0632871433356717,0,0,0,0,0,0,0,0,0,0,0,0
-0.740659743250367,0.094670020498211,0.0632871433356717,0,0,0,0,0,0,0,0,0,0,0,0
-0.717281523790337,0.0960898231071284,0.0632871433356717,0,0,0,0,0,0,0,0,0,0,0,0
-0.693903304330307,0.0975168160650177,0.0632871433356717,0,0,0,0,0,0,0,0,0,0,0,0
-0.670525084870279,0.0989506904021651,0.0632871433356717,0,0,0,0,0,0,0,0,0,0,0,0
-0.647146865410249,0.100391129576196,0.0632871433356717,0,0,0,0,0,0,0,0,0,0,0,0
-0.62376864595022,0.101837809545155,0.0632871433356717,0,0,0,0,0,0,0,0,0,0,0,0
-0.600390426490192,0.103290398847123,0.0632871433356717,0,0,0,0,0,0,0,0,0,0,0,0
-0.577012207030162,0.104748558686381,0.0632871433356717,0,0,0,0,0,0,0,0,0,0,0,0
-0.553633987570132,0.106211943026159,0.0632871433356717,0,0,0,0,0,0,0,0,0,0,0,0
-0.530255768110102,0.107680198687964,0.0632871433356717,0,0,0,0,0,0,0,0,0,0,0,0
-0.506877548650074,0.109152965457511,0.0632871433356717,0,0,0,0,0,0,0,0,0,0,0,0
-0.483499329190044,0.110629876197238,0.10547857222612,0,0,0,0.100175309702748,0,0,0,0,0,0,0.0500290727989166,0
-0.460121109730014,0.112110556965417,0.10547857222612,0,0,0,0.100175309702748,0,0,0,0,0,0,0.0500290727989166,0
-0.436742890269986,0.113594627141832,0.10547857222612,0,0,0,0.100175309702748,0,0,0,0,0,0,0.0500290727989166,0
-0.413364670809957,0.115081699560011,0.10547857222612,0,0,0,0.100175309702748,0,0,0,0,0,0,0.0500290727989166,0
-0.389986451349927,0.116571380645981,0.10547857222612,0,0,0,0.100175309702748,0,0,0,0,0,0,0.0500290727989166,0
-0.366608231889899,0.118063270563514,0.10547857222612,0,0,0,0.100175309702748,0,0,0,0,0,0,0.0500290727989166,0
-0.343230012429869,0.119556963365819,0.10547857222612,0,0,0,0.100175309702748,0,0,0,0,0,0,0.0500290727989166,0
-0.319851792969839,0.121052047153631,0.10547857222612,0,0,0,0.100175309702748,0,0,0,0,0,0,0.0500290727989166,0
-0.296473573509809,0.122548104239645,0.10547857222612,0,0,0,0.100175309702748,0,0,0,0,0,0,0.0500290727989166,0
-0.273095354049781,0.124044711319231,0.10547857222612,0,0,0,0.100175309702748,0,0,0,0,0,0,0.0500290727989166,0
-0.249717134589751,0.125541439647348,0.10547857222612,0,0,0,0.100175309702748,0,0,0,0,0,0,0.0500290727989166,0
-0.226338915129721,0.127037855221602,0.10547857222612,0,0,0,0.100175309702748,0,0,0,0,0,0,0.0500290727989166,0
-0.202960695669693,0.128533518971336,0.10547857222612,0,0,0,0.100175309702748,0,0,0,0,0,0,0.0500290727989166,0
-0.179582476209664,0.130027986952688,0.10547857222612,0,0,0,0.100175309702748,0,0,0,0,0,0,0.0500290727989166,0
-0.156204256749634,0.131520810549489,0.10547857222612,0,0,0,0.100175309702748,0,0,0,0,0,0,0.0500290727989166,0
-0.132826037289606,0.133011536679921,0.10547857222612,0,0,0,0.100175309702748,0,0,0,0,0,0,0.0500290727989166,0
-0.109447817829576,0.134499708008804,0.10547857222612,0,0,0,0.100175309702748,0,0,0,0,0,0,0.0500290727989166,0
-0.0860695983695461,0.135984863165394,0.10547857222612,0,0,0,0.100175309702748,0,0,0,0,0,0,0.0500290727989166,0
-0.0626913789095163,0.137466536966579,0.10547857222612,0,0,0,0.100175309702748,0,0,0,0,0,0,0.0500290727989166,0
-0.0393131594494882,0.138944260645311,0.10547857222612,0,0,0,0.100175309702748,0,0,0,0,0,0,0.0500290727989166,0
-0.0159349399894584,0.140417562084163,0.10547857222612,0,0,0,0.100175309702748,0,0,0,0,0,0,0.0500290727989166,0
0.00744327947057144,0.141885966053841,0.168765715561791,0,0,0.20082092602382,0.200350619405497,0,0,0,0,0,0.0997082919418964,0.100058145597833,0.0200133292989245
0.0308214989305995,0.143348994456508,0.168765715561791,0,0,0.20082092602382,0.200350619405497,0,0,0,0,0,0.0997082919418964,0.100058145597833,0.0200133292989245
0.0541997183906293,0.144806166573749,0.168765715561791,0,0,0.20082092602382,0.200350619405497,0,0,0,0,0,0.0997082919418964,0.100058145597833,0.0200133292989245
0.0775779378506591,0.146256999319023,0.168765715561791,0,0,0.20082092602382,0.200350619405497,0,0,0,0,0,0.0997082919418964,0.100058145597833,0.0200133292989245
0.100956157310689,0.147701007494417,0.168765715561791,0,0,0.20082092602382,0.200350619405497,0,0,0,0,0,0.0997082919418964,0.100058145597833,0.0200133292989245
0.124334376770717,0.149137704051521,0.168765715561791,0,0,0.20082092602382,0.200350619405497,0,0,0,0,0,0.0997082919418964,0.100058145597833,0.0200133292989245
0.147712596230747,0.150566600356248,0.168765715561791,0,0,0.20082092602382,0.200350619405497,0,0,0,0,0,0.0997082919418964,0.100058145597833,0.0200133292989245
0.171090815690777,0.151987206457402,0.168765715561791,0,0,0.20082092602382,0.200350619405497,0,0,0,0,0,0.0997082919418964,0.100058145597833,0.0200133292989245
0.194469035150805,0.153399031358784,0.168765715561791,0,0,0.20082092602382,0.200350619405497,0,0,0,0,0,0.0997082919418964,0.100058145597833,0.0200133292989245
0.217847254610835,0.154801583294661,0.168765715561791,0,0,0.20082092602382,0.200350619405497,0,0,0,0,0,0.0997082919418964,0.100058145597833,0.0200133292989245
0.241225474070864,0.15619437000836,0.168765715561791,0,0,0.20082092602382,0.200350619405497,0,0,0,0,0,0.0997082919418964,0.100058145597833,0.0200133292989245
0.264603693530892,0.157576899033789,0.168765715561791,0,0,0.20082092602382,0.200350619405497,0,0,0,0,0,0.0997082919418964,0.100058145597833,0.0200133292989245
0.287981912990922,0.158948677979668,0.168765715561791,0,0,0.20082092602382,0.200350619405497,0,0,0,0,0,0.0997082919418964,0.100058145597833,0.0200133292989245
0.311360132450952,0.160309214816234,0.168765715561791,0,0,0.20082092602382,0.200350619405497,0,0,0,0,0,0.0997082919418964,0.100058145597833,0.0200133292989245
0.334738351910981,0.16165801816421,0.168765715561791,0,0,0.20082092602382,0.200350619405497,0,0,0,0,0,0.0997082919418964,0.100058145597833,0.0200133292989245
0.358116571371011,0.162994597585786,0.168765715561791,0,0,0.20082092602382,0.200350619405497,0,0,0,0,0,0.0997082919418964,0.100058145597833,0.0200133292989245
0.38149479083104,0.164318463877393,0.168765715561791,0,0,0.20082092602382,0.200350619405497,0,0,0,0,0,0.0997082919418964,0.100058145597833,0.0200133292989245
0.404873010291069,0.165629129364022,0.168765715561791,0,0,0.20082092602382,0.200350619405497,0,0,0,0,0,0.0997082919418964,0.100058145597833,0.0200133292989245
0.428251229751099,0.166926108194838,0.168765715561791,0,0,0.20082092602382,0.200350619405497,0,0,0,0,0,0.0997082919418964,0.100058145597833,0.0200133292989245
0.451629449211127,0.16820891663986,0.168765715561791,0,0,0.20082092602382,0.200350619405497,0,0,0,0,0,0.0997082919418964,0.100058145597833,0.0200133292989245
0.475007668671157,0.16947707338744,0.168765715561791,0,0,0.20082092602382,0.200350619405497,0,0,0,0,0,0.0997082919418964,0.100058145597833,0.0200133292989245
0.498385888131186,0.170730099842294,0.168765715561791,0,0,0.20082092602382,0.200350619405497,0,0,0,0,0,0.0997082919418964,0.100058145597833,0.0200133292989245
0.521764107591215,0.171967520423835,0.274244287787911,0.0397905648772778,0,0.40164185204764,0.400701238810994,0.0795811297545555,0.199416583883794,0.199416583883794,0.199882510481653,0,0.299124875825689,0.250145363994583,0.0400266585978489
0.545142327051245,0.173188862864537,0.274244287787911,0.0397905648772778,0,0.40164185204764,0.400701238810994,0.0795811297545555,0.199416583883794,0.199416583883794,0.199882510481653,0,0.299124875825689,0.250145363994583,0.0400266585978489
0.568520546511274,0.17439365850809,0.274244287787911,0.0397905648772778,0,0.40164185204764,0.400701238810994,0.0795811297545555,0.199416583883794,0.199416583883794,0.199882510481653,0,0.299124875825689,0.250145363994583,0.0400266585978489
0.591898765971304,0.175581442607069,0.274244287787911,0.0397905648772778,0,0.40164185204764,0.400701238810994,0.0795811297545555,0.199416583883794,0.199416583883794,0.199882510481653,0,0.299124875825689,0.250145363994583,0.0400266585978489
0.615276985431333,0.176751754619854,0.274244287787911,0.0397905648772778,0,0.40164185204764,0.400701238810994,0.0795811297545555,0.199416583883794,0.199416583883794,0.199882510481653,0,0.299124875825689,0.250145363994583,0.0400266585978489
0.638655204891362,0.177904138506551,0.274244287787911,0.0397905648772778,0,0.40164185204764,0.400701238810994,0.0795811297545555,0.199416583883794,0.199416583883794,0.199882510481653,0,0.299124875825689,0.250145363994583,0.0400266585978489
0.662033424351391,0.17903814302364,0.274244287787911,0.0397905648772778,0,0.40164185204764,0.400701238810994,0.0795811297545555,0.199416583883794,0.199416583883794,0.199882510481653,0,0.299124875825689,0.250145363994583,0.0400266585978489
0.68541164381142,0.18015332201708,0.274244287787911,0.0397905648772778,0,0.40164185204764,0.400701238810994,0.0795811297545555,0.199416583883794,0.199416583883794,0.199882510481653,0,0.299124875825689,0.250145363994583,0.0400266585978489
0.70878986327145,0.181249234713623,0.274244287787911,0.0397905648772778,0,0.40164185204764,0.400701238810994,0.0795811297545555,0.199416583883794,0.199416583883794,0.199882510481653,0,0.299124875825689,0.250145363994583,0.0400266585978489
0.732168082731479,0.182325446010047,0.274244287787911,0.0397905648772778,0,0.40164185204764,0.400701238810994,0.0795811297545555,0.199416583883794,0.199416583883794,0.199882510481653,0,0.299124875825689,0.250145363994583,0.0400266585978489
0.755546302191509,0.183381526760073,0.274244287787911,0.0397905648772778,0,0.40164185204764,0.400701238810994,0.0795811297545555,0.199416583883794,0.199416583883794,0.199882510481653,0,0.299124875825689,0.250145363994583,0.0400266585978489
0.778924521651538,0.184417054058676,0.274244287787911,0.0397905648772778,0,0.40164185204764,0.400701238810994,0.0795811297545555,0.199416583883794,0.199416583883794,0.199882510481653,0,0.299124875825689,0.250145363994583,0.0400266585978489
0.802302741111567,0.185431611523543,0.274244287787911,0.0397905648772778,0,0.40164185204764,0.400701238810994,0.0795811297545555,0.199416583883794,0.199416583883794,0.199882510481653,0,0.299124875825689,0.250145363994583,0.0400266585978489
0.825680960571597,0.186424789573407,0.274244287787911,0.0397905648772778,0,0.40164185204764,0.400701238810994,0.0795811297545555,0.199416583883794,0.199416583883794,0.199882510481653,0,0.299124875825689,0.250145363994583,0.0400266585978489
0.849059180031626,0.187396185703009,0.274244287787911,0.0397905648772778,0,0.40164185204764,0.400701238810994,0.0795811297545555,0.199416583883794,0.199416583883794,0.199882510481653,0,0.299124875825689,0.250145363994583,0.0400266585978489
0.872437399491655,0.188345404754418,0.274244287787911,0.0397905648772778,0,0.40164185204764,0.400701238810994,0.0795811297545555,0.199416583883794,0.199416583883794,0.199882510481653,0,0.299124875825689,0.250145363994583,0.0400266585978489
0.895815618951684,0.189272059184457,0.274244287787911,0.0397905648772778,0,0.40164185204764,0.400701238810994,0.0795811297545555,0.199416583883794,0.199416583883794,0.199882510481653,0,0.299124875825689,0.250145363994583,0.0400266585978489
0.919193838411713,0.19017576932799,0.274244287787911,0.0397905648772778,0,0.40164185204764,0.400701238810994,0.0795811297545555,0.199416583883794,0.199416583883794,0.199882510481653,0,0.299124875825689,0.250145363994583,0.0400266585978489
0.942572057871743,0.191056163656808,0.274244287787911,0.0397905648772778,0,0.40164185204764,0.400701238810994,0.0795811297545555,0.199416583883794,0.199416583883794,0.199882510481653,0,0.299124875825689,0.250145363994583,0.0400266585978489
0.965950277331772,0.191912879033875,0.274244287787911,0.0397905648772778,0,0.40164185204764,0.400701238810994,0.0795811297545555,0.199416583883794,0.199416583883794,0.199882510481653,0,0.299124875825689,0.250145363994583,0.0400266585978489
0.989328496791802,0.192745560962689,0.274244287787911,0.0397905648772778,0,0.40164185204764,0.400701238810994,0.0795811297545555,0.199416583883794,0.199416583883794,0.199882510481653,0,0.299124875825689,0.250145363994583,0.0400266585978489
1.01270671625183,0.193553863831518,0.316435716678359,0.358115083895501,0.297736825357821,0.803283704095279,0.60105185821649,0.89528770973875,0.498541459709484,0.498541459709484,0.499706276204131,0.498541459709483,0.299124875825689,0.600348873586999,0.700466525462356
1.03608493571186,0.194337451152277,0.316435716678359,0.358115083895501,0.297736825357821,0.803283704095279,0.60105185821649,0.89528770973875,0.498541459709484,0.498541459709484,0.499706276204131,0.498541459709483,0.299124875825689,0.600348873586999,0.700466525462356
1.05946315517189,0.195095995793811,0.316435716678359,0.358115083895501,0.297736825357821,0.803283704095279,0.60105185821649,0.89528770973875,0.498541459709484,0.498541459709484,0.499706276204131,0.498541459709483,0.299124875825689,0.600348873586999,0.700466525462356
1.08284137463192,0.195829180209361,0.316435716678359,0.358115083895501,0.297736825357821,0.803283704095279,0.60105185821649,0.89528770973875,0.498541459709484,0.498541459709484,0.499706276204131,0.498541459709483,0.299124875825689,0.600348873586999,0.700466525462356
1.10621959409195,0.196536696657998,0.316435716678359,0.358115083895501,0.297736825357821,0.803283704095279,0.60105185821649,0.89528770973875,0.498541459709484,0.498541459709484,0.499706276204131,0.498541459709483,0.299124875825689,0.600348873586999,0.700466525462356
1.12959781355198,0.197218247419794,0.316435716678359,0.358115083895501,0.297736825357821,0.803283704095279,0.60105185821649,0.89528770973875,0.498541459709484,0.498541459709484,0.499706276204131,0.498541459709483,0.299124875825689,0.600348873586999,0.700466525462356
1.15297603301201,0.197873545004531,0.316435716678359,0.358115083895501,0.297736825357821,0.803283704095279,0.60105185821649,0.89528770973875,0.498541459709484,0.498541459709484,0.499706276204131,0.498541459709483,0.299124875825689,0.600348873586999,0.700466525462356
1.17635425247204,0.198502312353742,0.316435716678359,0.358115083895501,0.297736825357821,0.803283704095279,0.60105185821649,0.89528770973875,0.498541459709484,0.498541459709484,0.499706276204131,0.498541459709483,0.299124875825689,0.600348873586999,0.700466525462356
1.19973247193207,0.199104283035881,0.316435716678359,0.358115083895501,0.297736825357821,0.803283704095279,0.60105185821649,0.89528770973875,0.498541459709484,0.498541459709484,0.499706276204131,0.498541459709483,0.299124875825689,0.600348873586999,0.700466525462356
1.22311069139209,0.199679201434433,0.316435716678359,0.358115083895501,0.297736825357821,0.803283704095279,0.60105185821649,0.89528770973875,0.498541459709484,0.498541459709484,0.499706276204131,0.498541459709483,0.299124875825689,0.600348873586999,0.700466525462356
1.24648891085212,0.200226822928777,0.316435716678359,0.358115083895501,0.297736825357821,0.803283704095279,0.60105185821649,0.89528770973875,0.498541459709484,0.498541459709484,0.499706276204131,0.498541459709483,0.299124875825689,0.600348873586999,0.700466525462356
1.26986713031215,0.200746914067624,0.316435716678359,0.358115083895501,0.297736825357821,0.803283704095279,0.60105185821649,0.89528770973875,0.498541459709484,0.498541459709484,0.499706276204131,0.498541459709483,0.299124875825689,0.600348873586999,0.700466525462356
1.29324534977218,0.201239252734853,0.316435716678359,0.358115083895501,0.297736825357821,0.803283704095279,0.60105185821649,0.89528770973875,0.498541459709484,0.498541459709484,0.499706276204131,0.498541459709483,0.299124875825689,0.600348873586999,0.700466525462356
1.31662356923221,0.201703628307591,0.316435716678359,0.358115083895501,0.297736825357821,0.803283704095279,0.60105185821649,0.89528770973875,0.498541459709484,0.498541459709484,0.499706276204131,0.498541459709483,0.299124875825689,0.600348873586999,0.700466525462356
1.34000178869224,0.202139841806365,0.316435716678359,0.358115083895501,0.297736825357821,0.803283704095279,0.60105185821649,0.89528770973875,0.498541459709484,0.498541459709484,0.499706276204131,0.498541459709483,0.299124875825689,0.600348873586999,0.700466525462356
1.36338000815227,0.20254770603719,0.316435716678359,0.358115083895501,0.297736825357821,0.803283704095279,0.60105185821649,0.89528770973875,0.498541459709484,0.498541459709484,0.499706276204131,0.498541459709483,0.299124875825689,0.600348873586999,0.700466525462356
1.3867582276123,0.20292704572544,0.316435716678359,0.358115083895501,0.297736825357821,0.803283704095279,0.60105185821649,0.89528770973875,0.498541459709484,0.498541459709484,0.499706276204131,0.498541459709483,0.299124875825689,0.600348873586999,0.700466525462356
1.41013644707233,0.203277697641373,0.316435716678359,0.358115083895501,0.297736825357821,0.803283704095279,0.60105185821649,0.89528770973875,0.498541459709484,0.498541459709484,0.499706276204131,0.498541459709483,0.299124875825689,0.600348873586999,0.700466525462356
1.43351466653236,0.203599510717188,0.316435716678359,0.358115083895501,0.297736825357821,0.803283704095279,0.60105185821649,0.89528770973875,0.498541459709484,0.498541459709484,0.499706276204131,0.498541459709483,0.299124875825689,0.600348873586999,0.700466525462356
1.45689288599239,0.203892346155488,0.316435716678359,0.358115083895501,0.297736825357821,0.803283704095279,0.60105185821649,0.89528770973875,0.498541459709484,0.498541459709484,0.499706276204131,0.498541459709483,0.299124875825689,0.600348873586999,0.700466525462356
1.48027110545242,0.204156077529046,0.316435716678359,0.358115083895501,0.297736825357821,0.803283704095279,0.60105185821649,0.89528770973875,0.498541459709484,0.498541459709484,0.499706276204131,0.498541459709483,0.299124875825689,0.600348873586999,0.700466525462356
1.50364932491245,0.204390590871772,0.421914288904478,0.676439602913723,0.893210476073462,0.40164185204764,0.400701238810994,0.994764121931944,0.897374627477071,0.598249751651381,0.699588786685784,0.89737462747707,0.598249751651378,0.500290727989166,0.800533171956978
1.52702754437248,0.204595784760786,0.421914288904478,0.676439602913723,0.893210476073462,0.40164185204764,0.400701238810994,0.994764121931944,0.897374627477071,0.598249751651381,0.699588786685784,0.89737462747707,0.598249751651378,0.500290727989166,0.800533171956978
1.5504057638325,0.204771570389524,0.421914288904478,0.676439602913723,0.893210476073462,0.40164185204764,0.400701238810994,0.994764121931944,0.897374627477071,0.598249751651381,0.699588786685784,0.89737462747707,0.598249751651378,0.500290727989166,0.800533171956978
1.57378398329253,0.204917871631792,0.421914288904478,0.676439602913723,0.893210476073462,0.40164185204764,0.400701238810994,0.994764121931944,0.897374627477071,0.598249751651381,0.699588786685784,0.89737462747707,0.598249751651378,0.500290727989166,0.800533171956978
1.59716220275256,0.205034625096706,0.421914288904478,0.676439602913723,0.893210476073462,0.40164185204764,0.400701238810994,0.994764121931944,0.897374627477071,0.598249751651381,0.699588786685784,0.89737462747707,0.598249751651378,0.500290727989166,0.800533171956978
1.62054042221259,0.20512178017447,0.421914288904478,0.676439602913723,0.893210476073462,0.40164185204764,0.400701238810994,0.994764121931944,0.897374627477071,0.598249751651381,0.699588786685784,0.89737462747707,0.598249751651378,0.500290727989166,0.800533171956978
1.64391864167262,0.20517929907294,0.421914288904478,0.676439602913723,0.893210476073462,0.40164185204764,0.400701238810994,0.994764121931944,0.897374627477071,0.598249751651381,0.699588786685784,0.89737462747707,0.598249751651378,0.500290727989166,0.800533171956978
1.66729686113265,0.20520715684493,0.421914288904478,0.676439602913723,0.893210476073462,0.40164185204764,0.400701238810994,0.994764121931944,0.897374627477071,0.598249751651381,0.699588786685784,0.89737462747707,0.598249751651378,0.500290727989166,0.800533171956978
1.69067508059268,0.205205341406249,0.421914288904478,0.676439602913723,0.893210476073462,0.40164185204764,0.400701238810994,0.994764121931944,0.897374627477071,0.598249751651381,0.699588786685784,0.89737462747707,0.598249751651378,0.500290727989166,0.800533171956978
1.71405330005271,0.205173853544433,0.421914288904478,0.676439602913723,0.893210476073462,0.40164185204764,0.400701238810994,0.994764121931944,0.897374627477071,0.598249751651381,0.699588786685784,0.89737462747707,0.598249751651378,0.500290727989166,0.800533171956978
1.73743151951274,0.20511270691818,0.421914288904478,0.676439602913723,0.893210476073462,0.40164185204764,0.400701238810994,0.994764121931944,0.897374627477071,0.598249751651381,0.699588786685784,0.89737462747707,0.598249751651378,0.500290727989166,0.800533171956978
1.76080973897277,0.205021928047474,0.421914288904478,0.676439602913723,0.893210476073462,0.40164185204764,0.400701238810994,0.994764121931944,0.897374627477071,0.598249751651381,0.699588786685784,0.89737462747707,0.598249751651378,0.500290727989166,0.800533171956978
1.7841879584328,0.204901556294413,0.421914288904478,0.676439602913723,0.893210476073462,0.40164185204764,0.400701238810994,0.994764121931944,0.897374627477071,0.598249751651381,0.699588786685784,0.89737462747707,0.598249751651378,0.500290727989166,0.800533171956978
1.80756617789283,0.20475164383477,0.421914288904478,0.676439602913723,0.893210476073462,0.40164185204764,0.400701238810994,0.994764121931944,0.897374627477071,0.598249751651381,0.699588786685784,0.89737462747707,0.598249751651378,0.500290727989166,0.800533171956978
1.83094439735286,0.204572255620296,0.421914288904478,0.676439602913723,0.893210476073462,0.40164185204764,0.400701238810994,0.994764121931944,0.897374627477071,0.598249751651381,0.699588786685784,0.89737462747707,0.598249751651378,0.500290727989166,0.800533171956978
1.85432261681289,0.204363469331826,0.421914288904478,0.676439602913723,0.893210476073462,0.40164185204764,0.400701238810994,0.994764121931944,0.897374627477071,0.598249751651381,0.699588786685784,0.89737462747707,0.598249751651378,0.500290727989166,0.800533171956978
1.87770083627291,0.204125375323213,0.421914288904478,0.676439602913723,0.893210476073462,0.40164185204764,0.400701238810994,0.994764121931944,0.897374627477071,0.598249751651381,0.699588786685784,0.89737462747707,0.598249751651378,0.500290727989166,0.800533171956978
1.90107905573294,0.203858076556163,0.421914288904478,0.676439602913723,0.893210476073462,0.40164185204764,0.400701238810994,0.994764121931944,0.897374627477071,0.598249751651381,0.699588786685784,0.89737462747707,0.598249751651378,0.500290727989166,0.800533171956978
1.92445727519297,0.203561688526035,0.421914288904478,0.676439602913723,0.893210476073462,0.40164185204764,0.400701238810994,0.994764121931944,0.897374627477071,0.598249751651381,0.699588786685784,0.89737462747707,0.598249751651378,0.500290727989166,0.800533171956978
1.947835494653,0.203236339178667,0.421914288904478,0.676439602913723,0.893210476073462,0.40164185204764,0.400701238810994,0.994764121931944,0.897374627477071,0.598249751651381,0.699588786685784,0.89737462747707,0.598249751651378,0.500290727989166,0.800533171956978
1.97121371411303,0.202882168818332,0.421914288904478,0.676439602913723,0.893210476073462,0.40164185204764,0.400701238810994,0.994764121931944,0.897374627477071,0.598249751651381,0.699588786685784,0.89737462747707,0.598249751651378,0.500290727989166,0.800533171956978
1.99459193357306,0.202499330006901,0.421914288904478,0.676439602913723,0.893210476073462,0.40164185204764,0.400701238810994,0.994764121931944,0.897374627477071,0.598249751651381,0.699588786685784,0.89737462747707,0.598249751651378,0.500290727989166,0.800533171956978
2.01797015303309,0.202087987454321,0.295340002233135,0.55706790828189,0.595473650715642,0.20082092602382,0.200350619405497,0.0198952824386389,0.398833167767587,0.398833167767587,0.499706276204131,0.59824975165138,0.498541459709482,0.200116291195666,0.280186610184943
2.04134837249312,0.201648317900519,0.295340002233135,0.55706790828189,0.595473650715642,0.20082092602382,0.200350619405497,0.0198952824386389,0.398833167767587,0.398833167767587,0.499706276204131,0.59824975165138,0.498541459709482,0.200116291195666,0.280186610184943
2.06472659195315,0.201180509988845,0.295340002233135,0.55706790828189,0.595473650715642,0.20082092602382,0.200350619405497,0.0198952824386389,0.398833167767587,0.398833167767587,0.499706276204131,0.59824975165138,0.498541459709482,0.200116291195666,0.280186610184943
2.08810481141318,0.200684764131192,0.295340002233135,0.55706790828189,0.595473650715642,0.20082092602382,0.200350619405497,0.0198952824386389,0.398833167767587,0.398833167767587,0.499706276204131,0.59824975165138,0.498541459709482,0.200116291195666,0.280186610184943
2.11148303087321,0.20016129236491,0.295340002233135,0.55706790828189,0.595473650715642,0.20082092602382,0.200350619405497,0.0198952824386389,0.398833167767587,0.398833167767587,0.499706276204131,0.59824975165138,0.498541459709482,0.200116291195666,0.280186610184943
2.13486125033324,0.199610318201676,0.295340002233135,0.55706790828189,0.595473650715642,0.20082092602382,0.200350619405497,0.0198952824386389,0.398833167767587,0.398833167767587,0.499706276204131,0.59824975165138,0.498541459709482,0.200116291195666,0.280186610184943
2.15823946979327,0.19903207646846,0.295340002233135,0.55706790828189,0.595473650715642,0.20082092602382,0.200350619405497,0.0198952824386389,0.398833167767587,0.398833167767587,0.499706276204131,0.59824975165138,0.498541459709482,0.200116291195666,0.280186610184943
2.1816176892533,0.198426813140748,0.295340002233135,0.55706790828189,0.595473650715642,0.20082092602382,0.200350619405497,0.0198952824386389,0.398833167767587,0.398833167767587,0.499706276204131,0.59824975165138,0.498541459709482,0.200116291195666,0.280186610184943
2.20499590871333,0.197794785168183,0.295340002233135,0.55706790828189,0.595473650715642,0.20082092602382,0.200350619405497,0.0198952824386389,0.398833167767587,0.398833167767587,0.499706276204131,0.59824975165138,0.498541459709482,0.200116291195666,0.280186610184943
2.22837412817335,0.197136260292812,0.295340002233135,0.55706790828189,0.595473650715642,0.20082092602382,0.200350619405497,0.0198952824386389,0.398833167767587,0.398833167767587,0.499706276204131,0.59824975165138,0.498541459709482,0.200116291195666,0.280186610184943
2.25175234763338,0.196451516860094,0.295340002233135,0.55706790828189,0.595473650715642,0.20082092602382,0.200350619405497,0.0198952824386389,0.398833167767587,0.398833167767587,0.499706276204131,0.59824975165138,0.498541459709482,0.200116291195666,0.280186610184943
2.27513056709341,0.195740843622886,0.295340002233135,0.55706790828189,0.595473650715642,0.20082092602382,0.200350619405497,0.0198952824386389,0.398833167767587,0.398833167767587,0.499706276204131,0.59824975165138,0.498541459709482,0.200116291195666,0.280186610184943
2.29850878655344,0.195004539538572,0.295340002233135,0.55706790828189,0.595473650715642,0.20082092602382,0.200350619405497,0.0198952824386389,0.398833167767587,0.398833167767587,0.499706276204131,0.59824975165138,0.498541459709482,0.200116291195666,0.280186610184943
2.32188700601347,0.194242913559554,0.295340002233135,0.55706790828189,0.595473650715642,0.20082092602382,0.200350619405497,0.0198952824386389,0.398833167767587,0.398833167767587,0.499706276204131,0.59824975165138,0.498541459709482,0.200116291195666,0.280186610184943
2.3452652254735,0.193456284417298,0.295340002233135,0.55706790828189,0.595473650715642,0.20082092602382,0.200350619405497,0.0198952824386389,0.398833167767587,0.398833167767587,0.499706276204131,0.59824975165138,0.498541459709482,0.200116291195666,0.280186610184943
2.36864344493353,0.192644980400158,0.295340002233135,0.55706790828189,0.595473650715642,0.20082092602382,0.200350619405497,0.0198952824386389,0.398833167767587,0.398833167767587,0.499706276204131,0.59824975165138,0.498541459709482,0.200116291195666,0.280186610184943
2.39202166439356,0.191809339125183,0.295340002233135,0.55706790828189,0.595473650715642,0.20082092602382,0.200350619405497,0.0198952824386389,0.398833167767587,0.398833167767587,0.499706276204131,0.59824975165138,0.498541459709482,0.200116291195666,0.280186610184943
2.41539988385359,0.190949707304133,0.295340002233135,0.55706790828189,0.595473650715642,0.20082092602382,0.200350619405497,0.0198952824386389,0.398833167767587,0.398833167767587,0.499706276204131,0.59824975165138,0.498541459709482,0.200116291195666,0.280186610184943
2.43877810331362,0.190066440503941,0.295340002233135,0.55706790828189,0.595473650715642,0.20082092602382,0.200350619405497,0.0198952824386389,0.398833167767587,0.398833167767587,0.499706276204131,0.59824975165138,0.498541459709482,0.200116291195666,0.280186610184943
2.46215632277365,0.189159902901833,0.295340002233135,0.55706790828189,0.595473650715642,0.20082092602382,0.200350619405497,0.0198952824386389,0.398833167767587,0.398833167767587,0.499706276204131,0.59824975165138,0.498541459709482,0.200116291195666,0.280186610184943
2.48553454223368,0.188230467035356,0.295340002233135,0.55706790828189,0.595473650715642,0.20082092602382,0.200350619405497,0.0198952824386389,0.398833167767587,0.398833167767587,0.499706276204131,0.59824975165138,0.498541459709482,0.200116291195666,0.280186610184943
2.50891276169371,0.187278513547554,0.147670001116567,0.318324519018223,0.198491216905214,0,0.100175309702748,0,0,0.29912487582569,0.0999412552408263,0,0.199416583883793,0.15008721839675,0.0700466525462356
2.53229098115374,0.186304430927528,0.147670001116567,0.318324519018223,0.198491216905214,0,0.100175309702748,0,0,0.29912487582569,0.0999412552408263,0,0.199416583883793,0.15008721839675,0.0700466525462356
2.55566920061376,0.185308615246629,0.147670001116567,0.318324519018223,0.198491216905214,0,0.100175309702748,0,0,0.29912487582569,0.0999412552408263,0,0.199416583883793,0.15008721839675,0.0700466525462356
2.57904742007379,0.184291469890544,0.147670001116567,0.318324519018223,0.198491216905214,0,0.100175309702748,0,0,0.29912487582569,0.0999412552408263,0,0.199416583883793,0.15008721839675,0.0700466525462356
2.60242563953382,0.183253405287513,0.147670001116567,0.318324519018223,0.198491216905214,0,0.100175309702748,0,0,0.29912487582569,0.0999412552408263,0,0.199416583883793,0.15008721839675,0.0700466525462356
2.62580385899385,0.182194838632945,0.147670001116567,0.318324519018223,0.198491216905214,0,0.100175309702748,0,0,0.29912487582569,0.0999412552408263,0,0.199416583883793,0.15008721839675,0.0700466525462356
2.64918207845388,0.181116193610684,0.147670001116567,0.318324519018223,0.198491216905214,0,0.100175309702748,0,0,0.29912487582569,0.0999412552408263,0,0.199416583883793,0.15008721839675,0.0700466525462356
2.67256029791391,0.180017900111191,0.147670001116567,0.318324519018223,0.198491216905214,0,0.100175309702748,0,0,0.29912487582569,0.0999412552408263,0,0.199416583883793,0.15008721839675,0.0700466525462356
2.69593851737394,0.178900393946895,0.147670001116567,0.318324519018223,0.198491216905214,0,0.100175309702748,0,0,0.29912487582569,0.0999412552408263,0,0.199416583883793,0.15008721839675,0.0700466525462356
2.71931673683397,0.177764116564987,0.147670001116567,0.318324519018223,0.198491216905214,0,0.100175309702748,0,0,0.29912487582569,0.0999412552408263,0,0.199416583883793,0.15008721839675,0.0700466525462356
2.742694956294,0.176609514757907,0.147670001116567,0.318324519018223,0.198491216905214,0,0.100175309702748,0,0,0.29912487582569,0.0999412552408263,0,0.199416583883793,0.15008721839675,0.0700466525462356
2.76607317575403,0.175437040371808,0.147670001116567,0.318324519018223,0.198491216905214,0,0.100175309702748,0,0,0.29912487582569,0.0999412552408263,0,0.199416583883793,0.15008721839675,0.0700466525462356
2.78945139521406,0.17424715001324,0.147670001116567,0.318324519018223,0.198491216905214,0,0.100175309702748,0,0,0.29912487582569,0.0999412552408263,0,0.199416583883793,0.15008721839675,0.0700466525462356
2.81282961467409,0.173040304754332,0.147670001116567,0.318324519018223,0.198491216905214,0,0.100175309702748,0,0,0.29912487582569,0.0999412552408263,0,0.199416583883793,0.15008721839675,0.0700466525462356
2.83620783413412,0.171816969836743,0.147670001116567,0.318324519018223,0.198491216905214,0,0.100175309702748,0,0,0.29912487582569,0.0999412552408263,0,0.199416583883793,0.15008721839675,0.0700466525462356
2.85958605359415,0.170577614374627,0.147670001116567,0.318324519018223,0.198491216905214,0,0.100175309702748,0,0,0.29912487582569,0.0999412552408263,0,0.199416583883793,0.15008721839675,0.0700466525462356
2.88296427305418,0.169322711056893,0.147670001116567,0.318324519018223,0.198491216905214,0,0.100175309702748,0,0,0.29912487582569,0.0999412552408263,0,0.199416583883793,0.15008721839675,0.0700466525462356
2.9063424925142,0.168052735849013,0.147670001116567,0.318324519018223,0.198491216905214,0,0.100175309702748,0,0,0.29912487582569,0.0999412552408263,0,0.199416583883793,0.15008721839675,0.0700466525462356
2.92972071197423,0.166768167694646,0.147670001116567,0.318324519018223,0.198491216905214,0,0.100175309702748,0,0,0.29912487582569,0.0999412552408263,0,0.199416583883793,0.15008721839675,0.0700466525462356
2.95309893143426,0.165469488217327,0.147670001116567,0.318324519018223,0.198491216905214,0,0.100175309702748,0,0,0.29912487582569,0.0999412552408263,0,0.199416583883793,0.15008721839675,0.0700466525462356
2.97647715089429,0.164157181422495,0.147670001116567,0.318324519018223,0.198491216905214,0,0.100175309702748,0,0,0.29912487582569,0.0999412552408263,0,0.199416583883793,0.15008721839675,0.0700466525462356
2.99985537035432,0.162831733400088,0.147670001116567,0.318324519018223,0.198491216905214,0,0.100175309702748,0,0,0.29912487582569,0.0999412552408263,0,0.199416583883793,0.15008721839675,0.0700466525462356
3.02323358981435,0.161493632027992,0.0632871433356717,0.0397905648772778,0,0,0,0,0,0,0,0,0,0.100058145597833,0.0432955023766688
3.04661180927438,0.160143366676566,0.0632871433356717,0.0397905648772778,0,0,0,0,0,0,0,0,0,0.100058145597833,0.0432955023766688
3.06999002873441,0.158781427914498,0.0632871433356717,0.0397905648772778,0,0,0,0,0,0,0,0,0,0.100058145597833,0.0432955023766688
3.09336824819444,0.157408307216241,0.0632871433356717,0.0397905648772778,0,0,0,0,0,0,0,0,0,0.100058145597833,0.0432955023766688
3.11674646765447,0.156024496671263,0.0632871433356717,0.0397905648772778,0,0,0,0,0,0,0,0,0,0.100058145597833,0.0432955023766688
3.1401246871145,0.154630488695343,0.0632871433356717,0.0397905648772778,0,0,0,0,0,0,0,0,0,0.100058145597833,0.0432955023766688
3.16350290657453,0.153226775744159,0.0632871433356717,0.0397905648772778,0,0,0,0,0,0,0,0,0,0.100058145597833,0.0432955023766688
3.18688112603456,0.151813850029374,0.0632871433356717,0.0397905648772778,0,0,0,0,0,0,0,0,0,0.100058145597833,0.0432955023766688
3.21025934549459,0.150392203237462,0.0632871433356717,0.0397905648772778,0,0,0,0,0,0,0,0,0,0.100058145597833,0.0432955023766688
3.23363756495461,0.148962326251484,0.0632871433356717,0.0397905648772778,0,0,0,0,0,0,0,0,0,0.100058145597833,0.0432955023766688
3.25701578441464,0.147524708876026,0.0632871433356717,0.0397905648772778,0,0,0,0,0,0,0,0,0,0.100058145597833,0.0432955023766688
3.28039400387467,0.146079839565503,0.0632871433356717,0.0397905648772778,0,0,0,0,0,0,0,0,0,0.100058145597833,0.0432955023766688
3.3037722233347,0.14462820515605,0.0632871433356717,0.0397905648772778,0,0,0,0,0,0,0,0,0,0.100058145597833,0.0432955023766688
3.32715044279473,0.143170290601169,0.0632871433356717,0.0397905648772778,0,0,0,0,0,0,0,0,0,0.100058145597833,0.0432955023766688
3.35052866225476,0.141706578711352,0.0632871433356717,0.0397905648772778,0,0,0,0,0,0,0,0,0,0.100058145597833,0.0432955023766688
3.37390688171479,0.140237549897837,0.0632871433356717,0.0397905648772778,0,0,0,0,0,0,0,0,0,0.100058145597833,0.0432955023766688
3.39728510117482,0.138763681920704,0.0632871433356717,0.0397905648772778,0,0,0,0,0,0,0,0,0,0.100058145597833,0.0432955023766688
3.42066332063485,0.137285449641466,0.0632871433356717,0.0397905648772778,0,0,0,0,0,0,0,0,0,0.100058145597833,0.0432955023766688
3.44404154009488,0.135803324780321,0.0632871433356717,0.0397905648772778,0,0,0,0,0,0,0,0,0,0.100058145597833,0.0432955023766688
3.46741975955491,0.134317775678244,0.0632871433356717,0.0397905648772778,0,0,0,0,0,0,0,0,0,0.100058145597833,0.0432955023766688
3.49079797901494,0.132829267064047,0.0632871433356717,0.0397905648772778,0,0,0,0,0,0,0,0,0,0.100058145597833,0.0432955023766688
3.51417619847497,0.131338259826579,0.0210957144452239,0,0,0,0,0,0,0,0,0,0,0.0500290727989166,0.0333555488382119
3.537554417935,0.129845210792187,0.0210957144452239,0,0,0,0,0,0,0,0,0,0,0.0500290727989166,0.0333555488382119
3.56093263739502,0.128350572507579,0.0210957144452239,0,0,0,0,0,0,0,0,0,0,0.0500290727989166,0.0333555488382119
3.58431085685505,0.126854793028226,0.0210957144452239,0,0,0,0,0,0,0,0,0,0,0.0500290727989166,0.0333555488382119
3.60768907631508,0.125358315712403,0.0210957144452239,0,0,0,0,0,0,0,0,0,0,0.0500290727989166,0.0333555488382119
3.63106729577511,0.123861579020991,0.0210957144452239,0,0,0,0,0,0,0,0,0,0,0.0500290727989166,0.0333555488382119
3.65444551523514,0.122365016323156,0.0210957144452239,0,0,0,0,0,0,0,0,0,0,0.0500290727989166,0.0333555488382119
3.67782373469517,0.120869055707983,0.0210957144452239,0,0,0,0,0,0,0,0,0,0,0.0500290727989166,0.0333555488382119
3.7012019541552,0.119374119802172,0.0210957144452239,0,0,0,0,0,0,0,0,0,0,0.0500290727989166,0.0333555488382119
3.72458017361523,0.117880625593871,0.0210957144452239,0,0,0,0,0,0,0,0,0,0,0.0500290727989166,0.0333555488382119
3.74795839307526,0.116388984262735,0.0210957144452239,0,0,0,0,0,0,0,0,0,0,0.0500290727989166,0.0333555488382119
3.77133661253529,0.114899601016258,0.0210957144452239,0,0,0,0,0,0,0,0,0,0,0.0500290727989166,0.0333555488382119
3.79471483199532,0.113412874932465,0.0210957144452239,0,0,0,0,0,0,0,0,0,0,0.0500290727989166,0.0333555488382119
3.81809305145535,0.111929198809011,0.0210957144452239,0,0,0,0,0,0,0,0,0,0,0.0500290727989166,0.0333555488382119
3.84147127091538,0.110448959018719,0.0210957144452239,0,0,0,0,0,0,0,0,0,0,0.0500290727989166,0.0333555488382119
3.86484949037541,0.10897253537163,0.0210957144452239,0,0,0,0,0,0,0,0,0,0,0.0500290727989166,0.0333555488382119
3.88822770983543,0.107500300983564,0.0210957144452239,0,0,0,0,0,0,0,0,0,0,0.0500290727989166,0.0333555488382119
3.91160592929546,0.10603262215125,0.0210957144452239,0,0,0,0,0,0,0,0,0,0,0.0500290727989166,0.0333555488382119
3.93498414875549,0.104569858234018,0.0210957144452239,0,0,0,0,0,0,0,0,0,0,0.0500290727989166,0.0333555488382119
3.95836236821552,0.103112361542093,0.0210957144452239,0,0,0,0,0,0,0,0,0,0,0.0500290727989166,0.0333555488382119
3.98174058767555,0.101660477231467,0.0210957144452239,0,0,0,0,0,0,0,0,0,0,0.0500290727989166,0.0333555488382119
4.00511880713558,0.100214543205381,0,0,0,0,0,0,0,0,0,0,0,0,0.000741234418849301
4.02849702659561,0.0987748900223806,0,0,0,0,0,0,0,0,0,0,0,0,0.000741234418849301
4.05187524605564,0.0973418408109535,0,0,0,0,0,0,0,0,0,0,0,0,0.000741234418849301
4.07525346551567,0.0959157111907161,0,0,0,0,0,0,0,0,0,0,0,0,0.000741234418849301
4.0986316849757,0.0944968092001287,0,0,0,0,0,0,0,0,0,0,0,0,0.000741234418849301
4.12200990443573,0.0930854352307042,0,0,0,0,0,0,0,0,0,0,0,0,0.000741234418849301
4.14538812389576,0.0916818819676748,0,0,0,0,0,0,0,0,0,0,0,0,0.000741234418849301
4.16876634335579,0.090286434337068,0,0,0,0,0,0,0,0,0,0,0,0,0.000741234418849301
4.19214456281582,0.0888993694591462,0,0,0,0,0,0,0,0,0,0,0,0,0.000741234418849301
4.21552278227584,0.0875209566081512,0,0,0,0,0,0,0,0,0,0,0,0,0.000741234418849301
4.23890100173587,0.0861514571782925,0,0,0,0,0,0,0,0,0,0,0,0,0.000741234418849301
4.2622792211959,0.0847911246559144,0,0,0,0,0,0,0,0,0,0,0,0,0.000741234418849301
4.28565744065593,0.0834402045977685,0,0,0,0,0,0,0,0,0,0,0,0,0.000741234418849301
4.30903566011596,0.0820989346153152,0,0,0,0,0,0,0,0,0,0,0,0,0.000741234418849301
4.33241387957599,0.080767544364973,0,0,0,0,0,0,0,0,0,0,0,0,0.000741234418849301
4.35579209903602,0.0794462555442282,0,0,0,0,0,0,0,0,0,0,0,0,0.000741234418849301
4.37917031849605,0.0781352818935157,0,0,0,0,0,0,0,0,0,0,0,0,0.000741234418849301
4.40254853795608,0.0768348292037739,0,0,0,0,0,0,0,0,0,0,0,0,0.000741234418849301
4.42592675741611,0.0755450953295759,0,0,0,0,0,0,0,0,0,0,0,0,0.000741234418849301
4.44930497687614,0.0742662702077326,0,0,0,0,0,0,0,0,0,0,0,0,0.000741234418849301
4.47268319633617,0.072998535881262,0,0,0,0,0,0,0,0,0,0,0,0,0.000741234418849301
4.4960614157962,0.0717420665286112,0,0,0,0,0,0,0,0,0,0,0,0,0.000741234418849301
4.51943963525623,0.0704970284980217,0,0,0,0,0,0,0,0,0,0,0,0,0.000741234418849301
4.54281785471626,0.0692635803469155,0,0,0,0,0,0,0,0,0,0,0,0,0.000741234418849301
4.56619607417628,0.0680418728861853,0,0,0,0,0,0,0,0,0,0,0,0,0.000741234418849301
4.58957429363631,0.0668320492292642,0,0,0,0,0,0,0,0,0,0,0,0,0.000741234418849301
4.61295251309634,0.0656342448458495,0,0,0,0,0,0,0,0,0,0,0,0,0.000741234418849301
4.63633073255637,0.0644485876201519,0,0,0,0,0,0,0,0,0,0,0,0,0.000741234418849301
4.6597089520164,0.0632751979135398,0,0,0,0,0,0,0,0,0,0,0,0,0.000741234418849301
4.68308717147643,0.0621141886314462,0,0,0,0,0,0,0,0,0,0,0,0,0.000741234418849301
4.70646539093646,0.060965665294404,0,0,0,0,0,0,0,0,0,0,0,0,0.000741234418849301
4.72984361039649,0.0598297261130718,0,0,0,0,0,0,0,0,0,0,0,0,0.000741234418849301
4.75322182985652,0.058706462067115,0,0,0,0,0,0,0,0,0,0,0,0,0.000741234418849301
4.77660004931655,0.0575959569878015,0,0,0,0,0,0,0,0,0,0,0,0,0.000741234418849301
4.79997826877658,0.0564982876441721,0,0,0,0,0,0,0,0,0,0,0,0,0.000741234418849301
4.82335648823661,0.0554135238326439,0,0,0,0,0,0,0,0,0,0,0,0,0.000741234418849301
4.84673470769664,0.0543417284699069,0,0,0,0,0,0,0,0,0,0,0,0,0.000741234418849301
4.87011292715666,0.0532829576889683,0,0,0,0,0,0,0,0,0,0,0,0,0.000741234418849301
4.89349114661669,0.052237260938203,0,0,0,0,0,0,0,0,0,0,0,0,0.000741234418849301
4.91686936607672,0.0512046810832685,0,0,0,0,0,0,0,0,0,0,0,0,0.000741234418849301
4.94024758553675,0.0501852545117377,0,0,0,0,0,0,0,0,0,0,0,0,0.000741234418849301
4.96362580499678,0.0491790112403086,0,0,0,0,0,0,0,0,0,0,0,0,0.000741234418849301
4.98700402445681,0.0481859750244476,0,0,0,0,0,0,0,0,0,0,0,0,0.000741234418849301
5.01038224391684,0.0472061634703238,0,0,0,0,0,0,0,0,0,0,0,0,0.000741234418849301
5.03376046337687,0.0462395881488905,0,0,0,0,0,0,0,0,0,0,0,0,0.000741234418849301
5.0571386828369,0.0452862547119759,0,0,0,0,0,0,0,0,0,0,0,0,0.000741234418849301
5.08051690229693,0.0443461630102394,0,0,0,0,0,0,0,0,0,0,0,0,0.000741234418849301
5.10389512175696,0.0434193072128557,0,0,0,0,0,0,0,0,0,0,0,0,0.000741234418849301
5.12727334121699,0.0425056759287874,0,0,0,0,0,0,0,0,0,0,0,0,0.000741234418849301
5.15065156067702,0.0416052523295101,0,0,0,0,0,0,0,0,0,0,0,0,0.000741234418849301
5.17402978013705,0.0407180142730533,0,0,0,0,0,0,0,0,0,0,0,0,0.000741234418849301
5.19740799959708,0.0398439344292231,0,0,0,0,0,0,0,0,0,0,0,0,0.000741234418849301
5.22078621905711,0.0389829804058746,0,0,0,0,0,0,0,0,0,0,0,0,0.000741234418849301
5.24416443851714,0.0381351148761037,0,0,0,0,0,0,0,0,0,0,0,0,0.000741234418849301
5.26754265797716,0.0373002957062272,0,0,0,0,0,0,0,0,0,0,0,0,0.000741234418849301
5.29092087743719,0.0364784760844272,0,0,0,0,0,0,0,0,0,0,0,0,0.000741234418849301
5.31429909689722,0.0356696046499334,0,0,0,0,0,0,0,0,0,0,0,0,0.000741234418849301
5.33767731635725,0.0348736256226204,0,0,0,0,0,0,0,0,0,0,0,0,0.000741234418849301
5.36105553581728,0.034090478932901,0,0,0,0,0,0,0,0,0,0,0,0,0.000741234418849301
5.38443375527731,0.0333201003517958,0,0,0,0,0,0,0,0,0,0,0,0,0.000741234418849301
5.40781197473734,0.0325624216210656,0,0,0,0,0,0,0,0,0,0,0,0,0.000741234418849301
5.43119019419737,0.0318173705832914,0,0,0,0,0,0,0,0,0,0,0,0,0.000741234418849301
5.4545684136574,0.0310848713117934,0,0,0,0,0,0,0,0,0,0,0,0,0.000741234418849301
5.47794663311743,0.0303648442402806,0,0,0,0,0,0,0,0,0,0,0,0,0.000741234418849301
5.50132485257746,0.0296572062921252,0,0,0,0,0,0,0,0,0,0,0,0,0.000741234418849301
5.52470307203749,0.0289618710091607,0,0,0,0,0,0,0,0,0,0,0,0,0.000741234418849301
5.54808129149752,0.0282787486799046,0,0,0,0,0,0,0,0,0,0,0,0,0.000741234418849301
5.57145951095754,0.027607746467107,0,0,0,0,0,0,0,0,0,0,0,0,0.000741234418849301
5.59483773041757,0.0269487685345343,0,0,0,0,0,0,0,0,0,0,0,0,0.000741234418849301
5.6182159498776,0.0263017161728955,0,0,0,0,0,0,0,0,0,0,0,0,0.000741234418849301
5.64159416933763,0.0256664879248241,0,0,0,0,0,0,0,0,0,0,0,0,0.000741234418849301
5.66497238879766,0.0250429797088311,0,0,0,0,0,0,0,0,0,0,0,0,0.000741234418849301
5.68835060825769,0.0244310849421475,0,0,0,0,0,0,0,0,0,0,0,0,0.000741234418849301
5.71172882771772,0.0238306946623775,0,0,0,0,0,0,0,0,0,0,0,0,0.000741234418849301
5.73510704717775,0.0232416976478876,0,0,0,0,0,0,0,0,0,0,0,0,0.000741234418849301
5.75848526663778,0.0226639805368594,0,0,0,0,0,0,0,0,0,0,0,0,0.000741234418849301
5.78186348609781,0.0220974279449356,0,0,0,0,0,0,0,0,0,0,0,0,0.000741234418849301
5.80524170555784,0.0215419225813951,0,0,0,0,0,0,0,0,0,0,0,0,0.000741234418849301
5.82861992501787,0.020997345363793,0,0,0,0,0,0,0,0,0,0,0,0,0.000741234418849301
5.8519981444779,0.0204635755310055,0,0,0,0,0,0,0,0,0,0,0,0,0.000741234418849301
5.87537636393793,0.0199404907546244,0,0,0,0,0,0,0,0,0,0,0,0,0.000741234418849301
5.89875458339796,0.0194279672486458,0,0,0,0,0,0,0,0,0,0,0,0,0.000741234418849301
5.92213280285798,0.0189258798774031,0,0,0,0,0,0,0,0,0,0,0,0,0.000741234418849301
5.94551102231801,0.0184341022616971,0,0,0,0,0,0,0,0,0,0,0,0,0.000741234418849301
5.96888924177804,0.0179525068830784,0,0,0,0,0,0,0,0,0,0,0,0,0.000741234418849301
5.99226746123807,0.0174809651862403,0,0,0,0,0,0,0,0,0,0,0,0,0.000741234418849301
6.0156456806981,0.017019347679484,0,0,0,0,0,0,0,0,0,0,0,0,0.000741234418849301
6.03902390015813,0.0165675240332199,0,0,0,0,0,0,0,0,0,0,0,0,0.000741234418849301
6.06240211961816,0.016125363176473,0,0,0,0,0,0,0,0,0,0,0,0,0.000741234418849301
6.08578033907819,0.0156927333913622,0,0,0,0,0,0,0,0,0,0,0,0,0.000741234418849301
6.10915855853822,0.0152695024055259,0,0,0,0,0,0,0,0,0,0,0,0,0.000741234418849301
6.13253677799825,0.0148555374824703,0,0,0,0,0,0,0,0,0,0,0,0,0.000741234418849301
6.15591499745828,0.0144507055098186,0,0,0,0,0,0,0,0,0,0,0,0,0.000741234418849301
6.17929321691831,0.0140548730854417,0,0,0,0,0,0,0,0,0,0,0,0,0.000741234418849301
6.20267143637834,0.0136679066014555,0,0,0,0,0,0,0,0,0,0,0,0,0.000741234418849301
6.22604965583836,0.0132896723260686,0,0,0,0,0,0,0,0,0,0,0,0,0.000741234418849301
6.24942787529839,0.0129200364832725,0,0,0,0,0,0,0,0,0,0,0,0,0.000741234418849301
6.27280609475842,0.0125588653303622,0,0,0,0,0,0,0,0,0,0,0,0,0.000741234418849301
6.29618431421845,0.0122060252332838,0,0,0,0,0,0,0,0,0,0,0,0,0.000741234418849301
6.31956253367848,0.0118613827398024,0,0,0,0,0,0,0,0,0,0,0,0,0.000741234418849301
6.34294075313851,0.0115248046504916,0,0,0,0,0,0,0,0,0,0,0,0,0.000741234418849301
6.36631897259854,0.0111961580875425,0,0,0,0,0,0,0,0,0,0,0,0,0.000741234418849301
6.38969719205857,0.0108753105613955,0,0,0,0,0,0,0,0,0,0,0,0,0.000741234418849301
6.4130754115186,0.0105621300352017,0,0,0,0,0,0,0,0,0,0,0,0,0.000741234418849301
6.43645363097863,0.0102564849871174,0,0,0,0,0,0,0,0,0,0,0,0,0.000741234418849301
6.45983185043866,0.00995824447044317,0,0,0,0,0,0,0,0,0,0,0,0,0.000741234418849301
6.48321006989869,0.00966727817161693,0,0,0,0,0,0,0,0,0,0,0,0,0.000741234418849301
6.50658828935872,0.00938345646607388,0,0,0,0,0,0,0,0,0,0,0,0,0.000741234418849301
6.52996650881875,0.0091066504719873,0,0,0,0,0,0,0,0,0,0,0,0,0.000741234418849301
6.55334472827878,0.00883673210190648,0,0,0,0,0,0,0,0,0,0,0,0,0.000741234418849301
6.5767229477388,0.00857357411230933,0,0,0,0,0,0,0,0,0,0,0,0,0.000741234418849301
6.60010116719883,0.00831705015108867,0,0,0,0,0,0,0,0,0,0,0,0,0.000741234418849301
6.62347938665886,0.00806703480299301,0,0,0,0,0,0,0,0,0,0,0,0,0.000741234418849301
6.64685760611889,0.00782340363304384,0,0,0,0,0,0,0,0,0,0,0,0,0.000741234418849301
6.67023582557892,0.00758603322795289,0,0,0,0,0,0,0,0,0,0,0,0,0.000741234418849301
6.69361404503895,0.00735480123556402,0,0,0,0,0,0,0,0,0,0,0,0,0.000741234418849301
6.71699226449898,0.00712958640234587,0,0,0,0,0,0,0,0,0,0,0,0,0.000741234418849301
6.74037048395901,0.00691026860896213,0,0,0,0,0,0,0,0,0,0,0,0,0.000741234418849301
6.76374870341904,0.00669672890394789,0,0,0,0,0,0,0,0,0,0,0,0,0.000741234418849301
6.78712692287907,0.00648884953552106,0,0,0,0,0,0,0,0,0,0,0,0,0.000741234418849301
6.8105051423391,0.00628651398155924,0,0,0,0,0,0,0,0,0,0,0,0,0.000741234418849301
6.83388336179913,0.00608960697777312,0,0,0,0,0,0,0,0,0,0,0,0,0.000741234418849301
6.85726158125916,0.00589801454410804,0,0,0,0,0,0,0,0,0,0,0,0,0.000741234418849301
6.88063980071919,0.00571162400940688,0,0,0,0,0,0,0,0,0,0,0,0,0.000741234418849301
6.90401802017922,0.00553032403436728,0,0,0,0,0,0,0,0,0,0,0,0,0.000741234418849301
6.92739623963924,0.00535400463282748,0,0,0,0,0,0,0,0,0,0,0,0,0.000741234418849301
6.95077445909927,0.00518255719141525,0,0,0,0,0,0,0,0,0,0,0,0,0.000741234418849301
6.9741526785593,0.00501587448759525,0,0,0,0,0,0,0,0,0,0,0,0,0.000741234418849301
6.99753089801933,0.00485385070615043,0,0,0,0,0,0,0,0,0,0,0,0,0.000741234418849301
7.02090911747936,0.00469638145413341,0,0,0,0,0,0,0,0,0,0,0,0,0.000741234418849301
7.04428733693939,0.00454336377432456,0,0,0,0,0,0,0,0,0,0,0,0,0.000741234418849301
7.06766555639942,0.00439469615723315,0,0,0,0,0,0,0,0,0,0,0,0,0.000741234418849301
7.09104377585945,0.00425027855167902,0,0,0,0,0,0,0,0,0,0,0,0,0.000741234418849301
7.11442199531948,0.00411001237399159,0,0,0,0,0,0,0,0,0,0,0,0,0.000741234418849301
7.13780021477951,0.0039738005158639,0,0,0,0,0,0,0,0,0,0,0,0,0.000741234418849301
7.16117843423954,0.00384154735089903,0,0,0,0,0,0,0,0,0,0,0,0,0.000741234418849301
7.18455665369957,0.00371315873988638,0,0,0,0,0,0,0,0,0,0,0,0,0.000741234418849301
7.2079348731596,0.0035885420348457,0,0,0,0,0,0,0,0,0,0,0,0,0.000741234418849301
7.23131309261962,0.0034676060818761,0,0,0,0,0,0,0,0,0,0,0,0,0.000741234418849301
7.25469131207965,0.0033502612228477,0,0,0,0,0,0,0,0,0,0,0,0,0.000741234418849301
7.27806953153968,0.00323641929597337,0,0,0,0,0,0,0,0,0,0,0,0,0.000741234418849301
7.30144775099971,0.00312599363529766,0,0,0,0,0,0,0,0,0,0,0,0,0.000741234418849301
7.32482597045974,0.00301889906914011,0,0,0,0,0,0,0,0,0,0,0,0,0.000741234418849301
7.34820418991977,0.00291505191752983,0,0,0,0,0,0,0,0,0,0,0,0,0.000741234418849301
7.3715824093798,0.0028143699886677,0,0,0,0,0,0,0,0,0,0,0,0,0.000741234418849301
7.39496062883983,0.00271677257445298,0,0,0,0,0,0,0,0,0,0,0,0,0.000741234418849301
7.41833884829986,0.00262218044510975,0,0,0,0,0,0,0,0,0,0,0,0,0.000741234418849301
7.44171706775989,0.00253051584294937,0,0,0,0,0,0,0,0,0,0,0,0,0.000741234418849301
7.46509528721992,0.00244170247530391,0,0,0,0,0,0,0,0,0,0,0,0,0.000741234418849301
7.48847350667995,0.00235566550666555,0,0,0,0,0,0,0,0,0,0,0,0,0.000741234418849301
7.51185172613998,0.00227233155006641,0,0,0,0,0,0,0,0,0,0,0,0,0.000741234418849301
7.53522994560001,0.0021916286577328,0,0,0,0,0,0,0,0,0,0,0,0,0.000741234418849301
7.55860816506004,0.00211348631104738,0,0,0,0,0,0,0,0,0,0,0,0,0.000741234418849301
7.58198638452006,0.00203783540985234,0,0,0,0,0,0,0,0,0,0,0,0,0.000741234418849301
7.60536460398009,0.00196460826112602,0,0,0,0,0,0,0,0,0,0,0,0,0.000741234418849301
7.62874282344012,0.00189373856706515,0,0,0,0,0,0,0,0,0,0,0,0,0.000741234418849301
7.65212104290015,0.00182516141260377,0,0,0,0,0,0,0,0,0,0,0,0,0.000741234418849301
7.67549926236018,0.00175881325240017,0,0,0,0,0,0,0,0,0,0,0,0,0.000741234418849301
7.69887748182021,0.00169463189732169,0,0,0,0,0,0,0,0,0,0,0,0,0.000741234418849301
7.72225570128024,0.00163255650045742,0,0,0,0,0,0,0,0,0,0,0,0,0.000741234418849301
7.74563392074027,0.00157252754268763,0,0,0,0,0,0,0,0,0,0,0,0,0.000741234418849301
7.7690121402003,0.00151448681783849,0,0,0,0,0,0,0,0,0,0,0,0,0.000741234418849301
7.79239035966033,0.00145837741744995,0,0,0,0,0,0,0,0,0,0,0,0,0.000741234418849301
7.81576857912036,0.0014041437151839,0,0,0,0,0,0,0,0,0,0,0,0,0.000741234418849301
7.83914679858039,0.00135173135089919,0,0,0,0,0,0,0,0,0,0,0,0,0.000741234418849301
7.86252501804042,0.00130108721441939,0,0,0,0,0,0,0,0,0,0,0,0,0.000741234418849301
7.88590323750045,0.00125215942901865,0,0,0,0,0,0,0,0,0,0,0,0,0.000741234418849301
7.90928145696047,0.00120489733464997,0,0,0,0,0,0,0,0,0,0,0,0,0.000741234418849301
7.9326596764205,0.00115925147094015,0,0,0,0,0,0,0,0,0,0,0,0,0.000741234418849301
7.95603789588053,0.0011151735599744,0,0,0,0,0,0,0,0,0,0,0,0,0.000741234418849301
7.97941611534056,0.0010726164888933,0,0,0,0,0,0,0,0,0,0,0,0,0.000741234418849301
8.00279433480059,0.00103153429232408,0,0,0,0,0,0,0,0,0,0,0,0,0.000741234418849301
8.02617255426062,0.000991882134667336,0,0,0,0,0,0,0,0,0,0,0,0,0.000741234418849301
8.04955077372065,0.000953616292259883,0,0,0,0,0,0,0,0,0,0,0,0,0.000741234418849301
8.07292899318068,0.000916694135433643,0,0,0,0,0,0,0,0,0,0,0,0,0.000741234418849301
8.09630721264071,0.00088107411048979,0,0,0,0,0,0,0,0,0,0,0,0,0.000741234418849301
8.11968543210074,0.000846715721606781,0,0,0,0,0,0,0,0,0,0,0,0,0.000741234418849301
8.14306365156077,0.00081357951270021,0,0,0,0,0,0,0,0,0,0,0,0,0.000741234418849301
8.1664418710208,0.000781627049251821,0,0,0,0,0,0,0,0,0,0,0,0,0.000741234418849301
8.18982009048083,0.000750820900124285,0,0,0,0,0,0,0,0,0,0,0,0,0.000741234418849301
8.21319830994086,0.000721124619377792,0,0,0,0,0,0,0,0,0,0,0,0,0.000741234418849301
8.23657652940089,0.00069250272810387,0,0,0,0,0,0,0,0,0,0,0,0,0.000741234418849301
8.25995474886092,0.000664920696291147,0,0,0,0,0,0,0,0,0,0,0,0,0.000741234418849301
8.28333296832094,0.000638344924737251,0,0,0,0,0,0,0,0,0,0,0,0,0.000741234418849301
8.30671118778097,0.000612742727020391,0,0,0,0,0,0,0,0,0,0,0,0,0.000741234418849301
